-- MySQL dump 10.13  Distrib 5.6.50, for Linux (x86_64)
--
-- Host: localhost    Database: account_shop
-- ------------------------------------------------------
-- Server version	5.6.50-log

/*!40101 SET @OLD_CHARACTER_SET_CLIENT=@@CHARACTER_SET_CLIENT */;
/*!40101 SET @OLD_CHARACTER_SET_RESULTS=@@CHARACTER_SET_RESULTS */;
/*!40101 SET @OLD_COLLATION_CONNECTION=@@COLLATION_CONNECTION */;
/*!40101 SET NAMES utf8mb4 */;
/*!40103 SET @OLD_TIME_ZONE=@@TIME_ZONE */;
/*!40103 SET TIME_ZONE='+00:00' */;
/*!40014 SET @OLD_UNIQUE_CHECKS=@@UNIQUE_CHECKS, UNIQUE_CHECKS=0 */;
/*!40014 SET @OLD_FOREIGN_KEY_CHECKS=@@FOREIGN_KEY_CHECKS, FOREIGN_KEY_CHECKS=0 */;
/*!40101 SET @OLD_SQL_MODE=@@SQL_MODE, SQL_MODE='NO_AUTO_VALUE_ON_ZERO' */;
/*!40111 SET @OLD_SQL_NOTES=@@SQL_NOTES, SQL_NOTES=0 */;

--
-- Table structure for table `goods`
--

DROP TABLE IF EXISTS `goods`;
/*!40101 SET @saved_cs_client     = @@character_set_client */;
/*!40101 SET character_set_client = utf8 */;
CREATE TABLE `goods` (
  `goods_id` int(11) NOT NULL AUTO_INCREMENT COMMENT '具体商品的id',
  `product_id` int(11) NOT NULL COMMENT '所属产品id',
  `goods_detail` longtext NOT NULL COMMENT '具体商品的详情 因为是账号所以这里就是账号信息',
  `create_time` datetime NOT NULL COMMENT '创建时间',
  `update_time` datetime NOT NULL COMMENT '更新时间',
  `is_delete` int(11) NOT NULL COMMENT '商品是否删除 0 未删除 1 已删除',
  `status` int(11) NOT NULL COMMENT '下架状态 0 未下架 1 已下架',
  `goods_status` int(11) NOT NULL COMMENT '商品状态 0 可用 1 已售 2 锁定',
  PRIMARY KEY (`goods_id`) USING BTREE,
  KEY `prods` (`product_id`) USING BTREE,
  CONSTRAINT `prods` FOREIGN KEY (`product_id`) REFERENCES `product` (`product_id`)
) ENGINE=InnoDB AUTO_INCREMENT=118 DEFAULT CHARSET=utf8 ROW_FORMAT=DYNAMIC;
/*!40101 SET character_set_client = @saved_cs_client */;

--
-- Dumping data for table `goods`
--

LOCK TABLES `goods` WRITE;
/*!40000 ALTER TABLE `goods` DISABLE KEYS */;
INSERT INTO `goods` VALUES (56,11,'我就得哦房价我二姐夫','2023-12-27 22:54:43','2023-12-28 23:11:31',0,1,1),(57,11,'f俄外交飞机平稳发我i就','2023-12-27 22:54:55','2023-12-28 23:11:31',0,1,1),(58,11,'访问覅欧维去哦披肩发琼配','2023-12-27 22:55:06','2023-12-28 23:11:31',0,1,1),(59,11,'服务器节目解耦起飞我去舰炮','2023-12-27 22:55:17','2023-12-28 23:11:31',0,1,1),(61,11,'测试测试','2023-12-28 00:32:52','2023-12-28 23:11:31',0,1,1),(62,11,'测试测试1','2023-12-28 00:33:08','2023-12-28 23:11:31',0,1,1),(63,11,'测试测试2','2023-12-28 00:33:20','2023-12-28 23:11:31',0,1,1),(64,11,'测试测试wre','2023-12-28 00:34:21','2023-12-28 23:11:31',0,1,1),(65,11,'测试测试e','2023-12-28 00:34:33','2023-12-28 23:11:31',0,1,1),(66,11,'测试测试v','2023-12-28 00:34:47','2023-12-28 23:11:31',0,1,1),(67,11,'测试测试eee','2023-12-28 00:34:58','2023-12-28 23:11:31',0,1,1),(68,11,'测试测试wewwer','2023-12-28 00:35:11','2023-12-28 23:11:31',0,1,1),(69,11,'测试测试fsdfd','2023-12-28 00:35:24','2023-12-28 23:11:31',0,1,1),(70,11,'测试测试测试测试测试测试测试测试测试测试','2023-12-28 00:35:35','2023-12-28 23:11:31',0,1,1),(71,11,'测试测试测试测试测试测试测试测试测试测试测试测试测试测试测试测试测试测试测试测试测试测试测试测试测试测试测试测试测试测试测试测试测试测试测试测试测试测试','2023-12-28 00:35:48','2023-12-28 23:11:31',0,1,1),(72,11,'测试测试测试测试测试测试测试测试测试测试测试测试测试测试测试测试测试测试测试测试测试测试','2023-12-28 00:35:59','2023-12-28 23:11:31',0,1,1),(73,11,'测试测试测试测试测试测试测试测试测试测试测试测试测试测试测试测试','2023-12-28 00:36:11','2023-12-28 23:11:31',0,1,1),(74,11,'测试测试测试测试测试测试测试测试测试测试测试测试','2023-12-28 00:37:16','2023-12-28 23:11:31',0,1,1),(75,11,'测试测试测试测试测试测试测试测试测试测试测试测试测试测试测试测试测试测试测试测试测试测试测试测试测试测试测试测试测试测试测试测试测试测试测试测试测试测试测试测试测试测试','2023-12-28 00:37:26','2023-12-28 23:11:31',0,1,1),(76,11,'testetesteteste','2023-12-28 00:37:42','2023-12-28 23:11:31',0,1,1),(77,11,'testetestetestetestetestetestetestetesteteste','2023-12-28 00:37:51','2023-12-29 00:16:45',0,1,1),(78,11,'testetestetestetestetestetestetestetestetestetestetestetestetestetestetesteteste','2023-12-28 00:38:00','2023-12-29 01:14:38',0,1,1),(79,11,'testetestetestetestetestetestetestetestetestetestetestetestetestetestetestetesteteste','2023-12-28 00:38:09','2023-12-29 20:28:31',0,1,1),(80,11,'testetestetestetestetestetestetestetestetestetestetestetestetestetestetestetestetestetestetestetesteteste','2023-12-28 00:38:29','2023-12-29 20:28:31',0,1,1),(81,11,'testtesttesttesttesttesttesttesttesttest','2023-12-28 00:38:41','2023-12-29 22:27:26',0,1,1),(82,11,'testtesttesttesttesttesttesttesttesttesttesttesttesttesttesttesttesttesttesttesttesttestv','2023-12-28 00:38:51','2023-12-29 18:08:03',0,1,1),(83,11,'testtesttesttesttesttesttesttesttesttesttesttest','2023-12-28 00:38:59','2023-12-29 18:08:03',0,1,1),(84,11,'testtesttesttesttesttesttesttesttesttesttesttesttesttesttesttesttesttesttesttesttesttesttesttesttesttesttesttesttesttesttesttesttesttesttesttesttesttesttesttesttesttesttest','2023-12-28 00:39:09','2023-12-29 18:08:03',0,1,1),(85,11,'testtesttesttesttesttesttesttesttesttesttesttesttesttesttesttesttesttesttesttesttesttesttesttest','2023-12-28 00:39:18','2023-12-31 00:08:47',0,1,1),(86,11,'testtesttesttesttesttesttesttesttesttesttesttesttesttesttesttesttesttesttesttest','2023-12-28 00:39:28','2023-12-31 16:58:07',0,1,1),(87,11,'testtesttesttesttesttesttesttest','2023-12-28 00:39:38','2023-12-28 23:12:21',0,1,1),(88,11,'testtesttest','2023-12-28 00:40:21','2023-12-28 23:12:21',0,1,1),(89,11,'cececcececcececcececcececcececcececcececcecec','2023-12-28 00:40:44','2023-12-28 23:12:21',0,1,1),(90,11,'cececcececcececcececcececcececcececcecec','2023-12-28 00:40:55','2023-12-28 23:12:21',0,1,1),(91,12,'+12013618665|https://www.mysms.one/api/send?token=5ad2d120-a7dd-11ee-b483-b929cc61b0b1\n输入前面的号码点击获取验证码，然后把后面的超链接复制到浏览器就可以获取到验证码，如果出现问题请联系客服','2023-12-28 16:47:47','2024-01-01 08:50:06',0,1,0),(92,15,'卡密格式:登录用户名---登录密码---辅助邮箱地址---邮箱密码 如果登录不上就用辅助邮箱\n卡密:fwaewe1202---inithuaxianren---fjewioafewi@proton.me---inithuaxianren','2023-12-29 19:12:24','2024-01-16 09:53:21',0,1,1),(93,15,'卡密格式:登录用户名---登录密码---辅助邮箱地址---邮箱密码 如果登录不上就用辅助邮箱 邮箱登录地址 https://proton.me/\n卡密:ewfw5285---inithuaxianren---fwefwefwefwfew@proton.me---inithuaxianren','2023-12-29 19:18:07','2024-02-07 01:50:24',0,1,0),(94,19,'kangmi37516153@163.com----Ys123456----Ys123456----330702198607036047','2023-12-30 02:46:21','2023-12-31 01:38:29',0,1,0),(95,24,' dansdavis59@gmail.com---inithuaxianren，登录地址 https://mail.google.com','2023-12-30 04:31:48','2024-02-16 15:02:19',0,0,0),(96,26,'+12013618665|https://www.mysms.one/api/send?token=5ad2d120-a7dd-11ee-b483-b929cc61b0b1\n输入前面的号码点击获取验证码，然后把后面的超链接复制到浏览器就可以获取到验证码，如果出现问题请联系客服','2024-01-01 08:50:20','2024-01-02 14:58:14',1,1,0),(97,27,'jjjjjiiiiillllll9----inithuaxianren----qiso.mg@gmail.com','2024-01-03 23:40:00','2024-02-03 15:43:30',0,0,0),(98,26,'+13802613912|https://www.mysms.one/api/send?token=e5ee5420-ae2b-11ee-982a-e77175dcf160','2024-01-08 21:45:05','2024-01-08 21:53:47',0,1,0),(99,26,'+14199552419|https://www.mysms.one/api/send?token=7ed6ee60-b36e-11ee-8773-8bca4e5ba234','2024-01-15 14:23:38','2024-01-15 19:24:11',0,1,0),(100,26,'+17162123958|https://www.mysms.one/api/send?token=7ed6f570-b36e-11ee-9b1f-83e38f7f18fb','2024-01-15 14:24:21','2024-01-15 19:24:12',0,1,0),(101,26,'+12232981920|https://www.mysms.one/api/send?token=7ed6fa50-b36e-11ee-9d95-5d4375ef538d','2024-01-15 14:24:47','2024-01-15 19:24:13',0,1,0),(102,26,'+14199552472|https://www.mysms.one/api/send?token=7ed6ff00-b36e-11ee-9012-8faebaf2b6ff','2024-01-15 14:25:14','2024-01-15 19:24:14',0,1,0),(103,26,'+12232982916|https://www.mysms.one/api/send?token=7ed703b0-b36e-11ee-8b37-ab140bdc19e5','2024-01-15 14:25:43','2024-02-07 17:40:38',0,1,0),(104,26,'+16672877322|https://www.mysms.one/api/send?token=7ed70860-b36e-11ee-8342-3926fe53cd38','2024-01-15 14:26:05','2024-02-07 17:40:37',0,1,0),(105,26,'+16672877389|https://www.mysms.one/api/send?token=7ed70d00-b36e-11ee-8f78-57b4586d8ce9','2024-01-15 14:26:31','2024-02-07 17:40:37',0,1,0),(106,26,'+19085399435|https://www.mysms.one/api/send?token=7ed711b0-b36e-11ee-be4c-cf32d10e3ef5','2024-01-15 14:26:58','2024-02-07 17:40:36',0,1,0),(107,26,'+18149983957|https://www.mysms.one/api/send?token=7ed716c0-b36e-11ee-af0f-97d4d7e864a0','2024-01-15 14:27:56','2024-02-07 17:40:36',0,1,0),(108,26,'+18149983690|https://www.mysms.one/api/send?token=7ed71b80-b36e-11ee-97e6-89a076213f8d','2024-01-15 14:28:13','2024-02-07 17:39:42',0,1,0),(109,26,'+18149983776|https://www.mysms.one/api/send?token=7ed72020-b36e-11ee-a019-cb597a3ab343','2024-01-15 14:28:33','2024-01-28 09:36:49',0,1,0),(110,26,'+18149983729|https://www.mysms.one/api/send?token=7ed724c0-b36e-11ee-adab-9fb259f4d363','2024-01-15 14:28:54','2024-01-26 16:40:02',0,1,0),(111,26,'+16672877053|https://www.mysms.one/api/send?token=7ed72960-b36e-11ee-934d-73bc3a123c55','2024-01-15 14:29:12','2024-01-21 10:16:25',0,1,0),(112,26,'+13204574472|https://www.mysms.one/api/send?token=7ed72e10-b36e-11ee-ad9c-3da3249b9dff','2024-01-15 14:29:31','2024-01-18 23:19:06',0,1,0),(113,26,'+15303713999|https://www.mysms.one/api/send?token=7ed73360-b36e-11ee-af95-89adcc983b35','2024-01-15 14:29:57','2024-01-18 23:06:31',0,1,0),(114,26,'+14199551900|https://www.mysms.one/api/send?token=7ed73820-b36e-11ee-85df-390044c52333','2024-01-15 14:30:12','2024-01-18 23:09:07',0,1,0),(115,26,'+18149983582|https://www.mysms.one/api/send?token=7ed73d30-b36e-11ee-8bd4-6b7891fbb512','2024-01-15 14:30:28','2024-01-16 08:14:27',0,1,0),(116,15,'卡密格式:登录用户名---登录密码---辅助邮箱地址---邮箱密码 如果登录不上就用辅助邮箱 邮箱登录地址 https://mail.google.com/\n卡密:moseng1030773---inithuaxianren---dans.davis.5.9@gmail.com---inithuaxianren','2024-01-16 11:49:58','2024-02-21 14:36:35',0,0,0),(117,15,'卡密格式:登录用户名---登录密码---辅助邮箱地址---邮箱密码 如果登录不上就用辅助邮箱 邮箱登录地址 https://mail.google.com/\n卡密:gdpyier---inithuaxianren---dans.davis.59@gmail.com---inithuaxianren','2024-01-16 11:50:27','2024-02-21 14:27:16',0,0,0);
/*!40000 ALTER TABLE `goods` ENABLE KEYS */;
UNLOCK TABLES;

--
-- Table structure for table `order`
--

DROP TABLE IF EXISTS `order`;
/*!40101 SET @saved_cs_client     = @@character_set_client */;
/*!40101 SET character_set_client = utf8 */;
CREATE TABLE `order` (
  `order_sn` varchar(255) NOT NULL COMMENT '订单编号',
  `product_id` int(11) NOT NULL COMMENT '购买产品的id',
  `product_name` varchar(255) NOT NULL COMMENT '购买产品的名字',
  `goods_price` int(11) NOT NULL COMMENT '商品单价',
  `order_total_price` int(11) NOT NULL COMMENT '订单总价',
  `email` varchar(255) NOT NULL COMMENT '客户邮箱',
  `goods_detail_ids` varchar(255) DEFAULT NULL COMMENT '具体商品的id 可多个 用于解库存 : 分割',
  `order_status` int(11) NOT NULL COMMENT '订单状态 0 库存已经锁定 1 已完成 2 已取消',
  `create_time` datetime NOT NULL COMMENT '创建时间',
  `update_time` datetime NOT NULL COMMENT '更新时间',
  `goods_num` int(11) NOT NULL COMMENT '商品数量',
  PRIMARY KEY (`order_sn`) USING BTREE
) ENGINE=InnoDB DEFAULT CHARSET=utf8 ROW_FORMAT=DYNAMIC;
/*!40101 SET character_set_client = @saved_cs_client */;

--
-- Dumping data for table `order`
--

LOCK TABLES `order` WRITE;
/*!40000 ALTER TABLE `order` DISABLE KEYS */;
INSERT INTO `order` VALUES ('00282f62f360d99664b2458c264c648c',32,'成人网站–无需翻墙',-1,-1,'188435396@qq.com',NULL,1,'2024-02-03 23:38:45','2024-02-03 23:38:45',1),('006371f11c9edd3893269aeadc4c8252',35,'破解游戏合集',-1,-1,'3238190389@qq.com',NULL,1,'2024-01-28 01:20:45','2024-01-28 01:20:45',1),('007172b8ae59a00605daafefbc2a9713',32,'成人网站–无需翻墙',-1,-1,'377578908@qq.com',NULL,1,'2024-01-29 07:05:17','2024-01-29 07:05:17',1),('01723d1b9b03bd646807d8fec3180ead',32,'成人网站–无需翻墙',-1,-1,'2756595009@qq.com',NULL,1,'2024-02-12 21:33:12','2024-02-12 21:33:12',1),('01d8a1a42805ac78c0560a8f7ee5ea5c',32,'成人网站–无需翻墙',-1,-1,'591967058@qq.com',NULL,1,'2024-02-16 16:03:08','2024-02-16 16:03:08',1),('02bfb12053c33b65f11a5d0de61b9ec9',32,'成人网站–无需翻墙',-1,-1,'cctv666@linshiyou.com',NULL,1,'2024-02-05 22:41:51','2024-02-05 22:41:51',1),('02e15279b67cf54363721189352c21bd',33,'短文爽剧合集71部',-1,-1,'felixliu449@gmail.com',NULL,1,'2024-02-02 00:36:57','2024-02-02 00:36:57',1),('0425d988e8fb0ab00c33124c37f451ca',35,'破解游戏合集',-1,-1,'1626556188@qq.com',NULL,1,'2024-02-21 20:33:53','2024-02-21 20:33:53',1),('04c965e241e7500c53090d97da958a25',32,'成人网站–无需翻墙',-1,-1,'gaohang04@icloud.com',NULL,1,'2024-02-16 16:34:37','2024-02-16 16:34:37',1),('0518cec812ac52efe56d85487d9f2c2a',35,'破解游戏合集',-1,-1,'1205839654@qq.com',NULL,1,'2024-02-09 06:54:31','2024-02-09 06:54:31',1),('05c2bb33bbaf068c9cbe340936fe51a7',33,'短文爽剧合集71部',-1,-1,'3529753132@qq.com',NULL,1,'2024-02-13 03:11:38','2024-02-13 03:11:38',1),('060df612549fa902e83d043dac809f3b',18,'Tiktok破解版',2,2,'749062870@qq.com',NULL,1,'2023-12-31 16:47:50','2023-12-31 16:48:16',1),('0611ddd9e876f22fab098013b0dbf828',32,'成人网站–无需翻墙',-1,-1,'3456991058@qq.com',NULL,1,'2024-02-24 20:28:48','2024-02-24 20:28:48',1),('0614180c35ba5c9dbbf8a583354070b0',35,'破解游戏合集',-1,-1,'2433308011@qq.com',NULL,1,'2024-02-19 23:20:44','2024-02-19 23:20:44',1),('06e2656843fde0431d49ac4f90ec54bd',33,'短文爽剧合集71部',-1,-1,'sunhuanwhy@gmail.com',NULL,1,'2024-02-07 22:02:17','2024-02-07 22:02:17',1),('0848ada2727a38054aa957113ffc043c',32,'成人网站–无需翻墙',-1,-1,'1283264526@qq.com',NULL,1,'2024-01-23 12:08:46','2024-01-23 12:08:46',1),('086128cc3b9cd03874876bfa2aff874b',32,'成人网站–无需翻墙',-1,-1,'1341115656.abc2@gmail.com',NULL,1,'2024-02-15 19:40:40','2024-02-15 19:40:40',1),('09452fbc0769b57384d31054859e1274',35,'破解游戏合集',-1,-1,'31440124@qq.com',NULL,1,'2024-01-31 05:55:37','2024-01-31 05:55:37',1),('0960d6b31b84c55a455196be8e3afb98',35,'破解游戏合集',-1,-1,'3365729873@qq.com',NULL,1,'2024-02-09 01:11:31','2024-02-09 01:11:31',1),('0977f2194178b106c1e820c77a2e2592',35,'破解游戏合集',-1,-1,'qbbingb@163.com',NULL,1,'2024-02-04 15:29:52','2024-02-04 15:29:52',1),('09aef4965db4faf5f1ac6974f76011ad',24,'全新谷歌邮箱',5,5,'1271583483@qq.com','95',2,'2024-02-12 15:29:51','2024-02-12 15:39:51',1),('09ee95c56131889f9db46c1ddd3d23d4',18,'Tiktok破解版',2,2,'749062870@qq.com',NULL,2,'2024-01-08 16:18:13','2024-01-08 16:28:14',1),('0b4da30a5dfe12f116de32407fbcb5d6',16,'300部短文爽剧合集',5,5,'749062870@qq.com',NULL,2,'2024-01-12 12:58:23','2024-01-12 13:08:23',1),('0ccb55ecf1010043f76b47715134a0d2',35,'破解游戏合集',-1,-1,'2470635431@qq.com',NULL,1,'2024-02-21 03:31:53','2024-02-21 03:31:53',1),('0e76094f84fbb5d2916bb2cf054a517c',35,'破解游戏合集',-1,-1,'877078678@qq.com',NULL,1,'2024-01-30 01:18:29','2024-01-30 01:18:29',1),('0e7fb9246422faa1278ae879ee31e116',32,'成人网站–无需翻墙',-1,-1,'749062870@qq.com',NULL,1,'2024-01-21 17:35:33','2024-01-21 17:35:33',1),('0efb6f1958b22d57c6411a183e616e40',32,'普通网站–无需翻墙',5,5,'749062870@qq.com',NULL,2,'2024-01-21 16:58:37','2024-01-21 17:08:37',1),('0effb8fb830f974ad3477de99415d648',32,'成人网站–无需翻墙',-1,-1,'2728883820@qq.com',NULL,1,'2024-02-01 21:43:31','2024-02-01 21:43:31',1),('0f400540f9be7456b5b5a8c7dea0b074',20,'100G高速流量',20,20,'749062870@qq.com',NULL,2,'2024-01-02 16:37:35','2024-01-02 16:47:36',1),('0f82202204b1e20588e2d55f40a9ca28',32,'成人网站–无需翻墙',-1,-1,'1205839654@qq.com',NULL,1,'2024-02-09 06:54:58','2024-02-09 06:54:58',1),('0fdb6cf6afcbe351afadf09154776d00',32,'成人网站–无需翻墙',-1,-1,'2439663297@qq.com',NULL,1,'2024-02-19 03:30:05','2024-02-19 03:30:05',1),('0fe6837fe35431dadcd92cbc085265ec',33,'短文爽剧合集71部',-1,-1,'1179127378@qq.com',NULL,1,'2024-02-25 23:13:56','2024-02-25 23:13:56',1),('101411a86c274a6c64eda379573cafd0',15,'Twitter全新号',10,10,'2262879614@qq.com','93',2,'2024-02-06 07:57:06','2024-02-06 08:07:06',1),('1125b9d25963bb4bb91102564c0a1568',32,'成人网站–无需翻墙',-1,-1,'1187690499@qq.com',NULL,1,'2024-02-17 06:42:50','2024-02-17 06:42:50',1),('121fcb824590a7ca6ccbd4216be14280',32,'成人网站–无需翻墙',-1,-1,'3230427904@qq.com',NULL,1,'2024-02-19 00:01:11','2024-02-19 00:01:11',1),('1379e87dc45b5bad5ffdc954136e15ea',33,'短文爽剧合集71部',-1,-1,'18846232223@163.com',NULL,1,'2024-02-03 13:15:32','2024-02-03 13:15:32',1),('138917d37defb2085c80f34b12b6b287',11,'视频+聊天记录',20,20,'749062870@qq.com',NULL,2,'2024-02-20 21:17:22','2024-02-20 21:27:23',1),('143859fbd3cffcb1bf023b148b119eca',32,'成人网站–无需翻墙',-1,-1,'2722706997@qq.com',NULL,1,'2024-02-10 02:18:50','2024-02-10 02:18:50',1),('14718d9e2715b8cb02e605e2cabe9233',32,'成人网站–无需翻墙',-1,-1,'927797232@qq.com',NULL,1,'2024-02-05 00:59:12','2024-02-05 00:59:12',1),('14a6b1e6cf7cd123136b98bf382c9ab9',20,'100G高速流量',20,20,'yty',NULL,2,'2024-01-08 22:47:41','2024-01-08 22:57:41',1),('14dba4096c911be2b033b237e40d5b56',32,'成人网站–无需翻墙',-1,-1,'601216500@qq.com',NULL,1,'2024-02-12 22:58:31','2024-02-12 22:58:31',1),('14fcdc3e2767bcc5ab30b3deee62ab7f',32,'成人网站–无需翻墙',-1,-1,'1724831015@qq.com',NULL,1,'2024-01-28 03:30:33','2024-01-28 03:30:33',1),('157f645b5b124f1d93acd2ad0590f5d6',26,'美国号',5,5,'749062870@qq.com','103',2,'2024-01-17 23:51:55','2024-01-18 00:01:55',1),('15b4f0a8423dcf2e2ec5eb532d4994b4',32,'普通网站–无需翻墙',-1,-1,'749062870@qq.com',NULL,2,'2024-01-21 16:58:05','2024-01-21 17:08:05',1),('15d653c9f80d97bf04e7c04f5cf2679e',32,'成人网站–无需翻墙',-1,-1,'2063835209@qq.com',NULL,1,'2024-01-24 15:26:17','2024-01-24 15:26:17',1),('15ddff0b9bf02c4b37e339b98becb8ed',32,'成人网站–无需翻墙',-1,-1,'2399634372@qq.com',NULL,1,'2024-01-30 05:38:23','2024-01-30 05:38:23',1),('165a4cf944d223e9e943943a49bf5d91',35,'破解游戏合集',-1,-1,'2396007475@qq.com',NULL,1,'2024-02-16 00:50:13','2024-02-16 00:50:13',1),('1767b7ef41b8d1fd2dc61d35322b0afd',32,'成人网站–无需翻墙',-1,-1,'3224645038@qq.com',NULL,1,'2024-01-25 06:32:31','2024-01-25 06:32:31',1),('1815b9b9f574d234a5ff7c7bd1aa3069',11,'测试产品',1,1,'749062870@qq.com','86',2,'2023-12-31 16:42:03','2023-12-31 16:49:39',1),('1903cca5cbcb834889238e2bf277bfdd',32,'成人网站–无需翻墙',-1,-1,'1175580346@qq.com',NULL,1,'2024-01-25 02:38:18','2024-01-25 02:38:18',1),('193a7328a2b943f8f4a4525e7f5ba818',32,'成人网站–无需翻墙',-1,-1,'1262105244@qq.com',NULL,1,'2024-01-31 12:13:26','2024-01-31 12:13:26',1),('19c55ac9410b0d84ebc20ae4640a02d8',25,'Android免费VPN',10,10,'377578908@qq.com',NULL,2,'2024-01-31 09:43:39','2024-01-31 09:53:39',1),('19cd8178e0d3f852008961c229c89ee7',15,'Twitter全新号',10,20,'749062870@qq.com','92:93',2,'2023-12-29 21:21:31','2023-12-29 21:27:31',2),('1b7c3fc68c6e774716dbc4a0d1d5a123',18,'Tiktok破解版',2,2,'749062870@qq.com',NULL,2,'2024-01-10 12:28:43','2024-01-10 12:38:44',1),('1bcb8f4feacbf7a29f8ce47fa5d16ba5',32,'成人网站–无需翻墙',-1,-1,'2273162384@qq.com',NULL,1,'2024-01-22 03:35:21','2024-01-22 03:35:21',1),('1c3912c8dc99547fdcc5ec43aafe1ac8',31,'高质量网站–需翻墙',5,5,'1018280437@qq.com',NULL,2,'2024-02-07 10:54:21','2024-02-07 11:04:21',1),('1c5f10d6423c1654d04173d4925471b2',33,'短文爽剧合集71部',-1,-1,'3441806814@qq.com',NULL,1,'2024-02-03 23:20:54','2024-02-03 23:20:54',1),('1c8d8b84d632f3a2ee7681faa4912358',32,'成人网站–无需翻墙',-1,-1,'749062870@qq.com',NULL,1,'2024-01-21 18:03:58','2024-01-21 18:03:58',1),('1de45461151c949b5a1dd37de5b7412a',32,'成人网站–无需翻墙',-1,-1,'3303268897@qq.com',NULL,1,'2024-02-18 11:22:03','2024-02-18 11:22:03',1),('1e0ed65f075c67dff9c5e6e1aeb7cde8',33,'短文爽剧合集71部',-1,-1,'2084661874@qq.com',NULL,1,'2024-02-17 22:35:42','2024-02-17 22:35:42',1),('1f9530c8ee0ba93c1ad65f860faa9f62',35,'破解游戏合集',-1,-1,'2423375330@qq.com',NULL,1,'2024-02-01 13:30:55','2024-02-01 13:30:55',1),('1fabf4e235dd81362c51ed1276fdf2a3',32,'成人网站–无需翻墙',-1,-1,'2977933009@qq.com',NULL,1,'2024-03-02 09:05:20','2024-03-02 09:05:20',1),('1fe00fa9ad396e2f56582b9851dbab5b',28,'长期高速代理',10,10,'944031684@qq.com',NULL,2,'2024-02-11 02:38:27','2024-02-11 02:48:27',1),('1fe1ab69a08429e09333c50c7987e575',35,'破解游戏合集',-1,-1,'qq1341115656.3@gmail.com',NULL,1,'2024-02-15 19:40:09','2024-02-15 19:40:09',1),('211c829f588bded48961e2fd287421bb',32,'成人网站–无需翻墙',-1,-1,'2018065530@qq.com',NULL,1,'2024-01-30 20:50:38','2024-01-30 20:50:38',1),('213225da0f1a5f48629f6d9ac989fb37',20,'100G高速流量',20,20,'749062870@qq.com',NULL,2,'2023-12-31 20:07:30','2023-12-31 20:17:30',1),('21f11ed11528f91f9793602c83a34575',32,'成人网站–无需翻墙',-1,-1,'2364499548x@gmail.com',NULL,1,'2024-02-15 13:31:08','2024-02-15 13:31:08',1),('229e3df3d8b54ec8abc0453b80b6fd82',32,'成人网站–无需翻墙',-1,-1,'wuyunke240@sina.com',NULL,1,'2024-02-24 12:37:23','2024-02-24 12:37:23',1),('2360de18a8a141815943c3eee91b1f04',35,'破解游戏合集',-1,-1,'18223578067@163.com',NULL,1,'2024-01-30 13:36:31','2024-01-30 13:36:31',1),('23e3015227e1b0b4202f31b708a38138',32,'成人网站–无需翻墙',-1,-1,'9996270@qq.com',NULL,1,'2024-01-29 03:44:10','2024-01-29 03:44:10',1),('23e4460c2746d279927fcdb5ad4fffce',32,'成人网站–无需翻墙',-1,-1,'2536397759@qq.com',NULL,1,'2024-01-28 12:01:59','2024-01-28 12:01:59',1),('25057ae955e10d9191bffa12358fa517',16,'300部短文爽剧合集',5,5,'749062870@qq.com',NULL,2,'2024-01-08 14:24:19','2024-01-08 14:34:19',1),('253f44076cf384d5aa85cd78d6a288eb',33,'短文爽剧合集71部',-1,-1,'280322153@qq.com',NULL,1,'2024-02-12 08:12:26','2024-02-12 08:12:26',1),('260cf83a877222d3721f4eaf774cb4d4',18,'Tiktok破解版',2,2,'749062870@qq.com',NULL,1,'2023-12-31 16:44:55','2023-12-31 16:45:17',1),('26e3176055433c99688b9d0236c906aa',18,'Tiktok破解版',2,2,'749062870@qq.com',NULL,2,'2024-01-12 12:56:58','2024-01-12 13:06:58',1),('2708691c00b4386c7d8e39e68cfe49e5',26,'美国号',5,5,'749062870@qq.com','103',2,'2024-01-20 21:24:02','2024-01-20 21:34:02',1),('279b87daddf4d53d955455c641b70cd3',13,'无限1',1,1,'749062870@qq.com',NULL,2,'2023-12-28 23:13:03','2023-12-28 23:19:03',1),('29d1f251d6242302a92468263c3a31fe',11,'测试产品',1,2,'749062870@qq.com','79:80',1,'2023-12-29 20:28:17','2023-12-29 20:28:32',2),('29f6e8436e53cc1b959ffefc3eef1f1a',20,'100G高速流量',20,20,'749062870@qq.com',NULL,2,'2024-01-21 22:35:14','2024-01-21 22:45:14',1),('2a75884b44a44c6dc0328e28d4058451',33,'短文爽剧合集71部',-1,-1,'17606504239@163.com',NULL,1,'2024-02-17 00:12:16','2024-02-17 00:12:16',1),('2b2f85333c37c12219f81b83284e2e60',32,'成人网站–无需翻墙',-1,-1,'1042810200@qq.com',NULL,1,'2024-01-23 22:34:52','2024-01-23 22:34:52',1),('2b87bc9bf41c9bddd2d9a370f333fdc7',32,'成人网站–无需翻墙',-1,-1,'1958386564@qq.com',NULL,1,'2024-02-16 00:01:13','2024-02-16 00:01:13',1),('2c2f3fda50ed6caa1a07fb8392dcdd1b',31,'高质量网站–需翻墙',5,5,'2909761388@qq.com',NULL,2,'2024-01-20 19:56:17','2024-01-20 20:06:17',1),('2cbbedce36815b43059afda5ebd87ca6',16,'300部短文爽剧合集',5,5,'749062870@qq.com',NULL,2,'2024-01-01 19:58:45','2024-01-01 20:08:45',1),('2d3be847c7cba62e2f2e23ee4d6f52aa',31,'高质量网站–需翻墙',5,5,'749062870@qq.com',NULL,2,'2024-01-21 17:26:58','2024-01-21 17:36:59',1),('2d5c7efbd1739e8aba15b57c4a40a82f',14,'无限2',1,1,'749062870@qq.com',NULL,1,'2023-12-29 18:05:15','2023-12-29 18:05:42',1),('2d5e370f7020b13d3f37a44a066f6c85',32,'成人网站–无需翻墙',-1,-1,'14777233490@163.com',NULL,1,'2024-02-10 03:24:55','2024-02-10 03:24:55',1),('2e813882ed6e36cfa6763cf2a270a240',26,'美国号',5,5,'627690852@qq.com','103',2,'2024-02-01 04:31:07','2024-02-01 04:41:07',1),('2ea4d36f10ef6b68fa8f42b8821ce1c8',32,'成人网站–无需翻墙',-1,-1,'947830746@qq.com',NULL,1,'2024-02-25 01:15:55','2024-02-25 01:15:55',1),('2ef51a639cd06bdb78aacba229e2e2b7',31,'高质量网站–需翻墙',5,5,'2909761388@qq.com',NULL,2,'2024-01-20 19:56:50','2024-01-20 20:06:51',1),('2f0ec57918f25a6da5de577a398e27cb',32,'成人网站–无需翻墙',-1,-1,'zzm879736840@163.com',NULL,1,'2024-02-09 00:51:29','2024-02-09 00:51:29',1),('2f3484de2598dfa93da8955242986416',35,'破解游戏合集',-1,-1,'3365729873@qq.com',NULL,1,'2024-02-09 01:08:36','2024-02-09 01:08:36',1),('2f6931746b020027d96a337c5e119f9a',18,'Tiktok破解版',2,2,'749862870@qq.com',NULL,2,'2024-01-03 14:31:56','2024-01-03 14:41:56',1),('2fc157b4cbb49006b8123944173fcca2',31,'高质量网站–需翻墙',5,5,'3290936623@qq.com',NULL,2,'2024-03-03 03:24:22','2024-03-03 03:34:22',1),('2fea1cbeaec0ec28a11967b4afeff3d4',33,'短文爽剧合集71部',-1,-1,'x2625464350@163.com',NULL,1,'2024-01-21 22:44:41','2024-01-21 22:44:41',1),('3033a4c7083cf7a818cd4c69713da3e9',32,'成人网站–无需翻墙',-1,-1,'13072777336@wo.com',NULL,1,'2024-01-25 23:42:12','2024-01-25 23:42:12',1),('306d8a917320f21e4e81d77712c02fde',12,'Telegram美国号',10,10,'ghostdemog@gmail.com','91',2,'2023-12-31 22:19:20','2023-12-31 22:29:21',1),('307986bbd00eaa41e2af6a4db5a8613b',32,'成人网站–无需翻墙',-1,-1,'的',NULL,2,'2024-01-21 17:10:15','2024-01-21 17:20:15',1),('3085da600ef2d9395b187e495942c4b4',25,'Android免费VPN',10,10,'3818378591@qq.com',NULL,1,'2024-01-17 20:23:04','2024-01-17 20:23:48',1),('30ab1f065481e380bf00fc879d369f12',32,'成人网站–无需翻墙',-1,-1,'1306096128@qq.com',NULL,1,'2024-02-06 22:50:39','2024-02-06 22:50:39',1),('30ddc44e78283b2049255d8a4ea41f6d',32,'成人网站–无需翻墙',-1,-1,'189133197@qq.com',NULL,1,'2024-02-15 02:53:22','2024-02-15 02:53:22',1),('31888d52b8f03f2273d0bf788abadded',32,'成人网站–无需翻墙',-1,-1,'2540551000@qq.com',NULL,1,'2024-01-29 11:42:57','2024-01-29 11:42:57',1),('31cca4dbb770cc057d4ee4705b35ab98',32,'成人网站–无需翻墙',-1,-1,'1437634813@qq.com',NULL,1,'2024-02-21 22:33:03','2024-02-21 22:33:03',1),('31d4b56e51aa362531aa4315eb565650',32,'成人网站–无需翻墙',-1,-1,'cwj3141523261@163.com',NULL,1,'2024-02-16 16:27:00','2024-02-16 16:27:00',1),('33910970fcdf5d8f82ece76b946f02b0',32,'成人网站–无需翻墙',-1,-1,'3613569829@qq.com',NULL,1,'2024-03-06 00:57:00','2024-03-06 00:57:00',1),('34880f0a1351ee247c9cb4180b171c3a',32,'成人网站–无需翻墙',-1,-1,'1306225061@qq.com',NULL,1,'2024-02-14 23:59:13','2024-02-14 23:59:13',1),('34d44a7ba8c935e19bffc706e0fa6048',35,'破解游戏合集',-1,-1,'1069967544@qq.com',NULL,1,'2024-02-08 09:13:44','2024-02-08 09:13:44',1),('352a534672bebf847093c08bed8e8cf9',33,'短文爽剧合集71部',-1,-1,'wugong2023@outlook.com',NULL,1,'2024-01-25 14:48:51','2024-01-25 14:48:51',1),('363a3e507ae792f7195d312d35bddfdc',16,'300部短文爽剧合集',5,5,'749062870@qq.com',NULL,2,'2024-01-05 00:23:08','2024-01-05 00:33:08',1),('364845ed918bd87535105603fe163cdc',33,'短文爽剧合集71部',-1,-1,'438522059@qq.com',NULL,1,'2024-02-21 03:17:26','2024-02-21 03:17:26',1),('3652d6e34b29aa443a2e64316004dc38',16,'300部短文爽剧合集',5,5,'749062870@qq.com',NULL,2,'2024-01-20 22:25:28','2024-01-20 22:35:28',1),('36a81457dcd4373e4036cf1171b8fbc1',35,'破解游戏合集',-1,-1,'1593984816@qq.com',NULL,1,'2024-02-11 06:46:05','2024-02-11 06:46:05',1),('36f3700b0156789fa2a305fb6a6be58a',36,'频道互推清除器',25,25,'749062870@qq.com',NULL,2,'2024-01-25 22:42:54','2024-01-25 22:52:55',1),('3714296ee1b2305c29d0767f44938780',32,'成人网站–无需翻墙',-1,-1,'2738385186@qq.com',NULL,1,'2024-01-21 17:56:05','2024-01-21 17:56:05',1),('3907297eb84a91584de92b05d0182aa7',33,'短文爽剧合集71部',-1,-1,'2439663297@qq.com',NULL,1,'2024-02-19 03:30:21','2024-02-19 03:30:21',1),('395325de0dde6839787ed3d8a9f5d0ac',35,'破解游戏合集',-1,-1,'3303268897@qq.com',NULL,1,'2024-02-18 11:21:42','2024-02-18 11:21:42',1),('395d5ee8da6e78b884493b17efece409',26,'美国号',5,5,'2622171992@qq.com','103',2,'2024-02-06 16:47:53','2024-02-06 16:57:53',1),('3a9118f0a0a0d3bba56286673c19a7ff',32,'成人网站–无需翻墙',-1,-1,'2680124394@qq.com',NULL,1,'2024-02-03 11:41:15','2024-02-03 11:41:15',1),('3aadafc552e269ccc862767c14e2d0fd',33,'短文爽剧合集71部',-1,-1,'1195602562@qq.com',NULL,1,'2024-01-27 00:25:24','2024-01-27 00:25:24',1),('3bc86a589d1ed91acb44ea0689888951',31,'高质量网站–需翻墙',5,5,'iceanyau@163.com',NULL,2,'2024-01-23 02:13:09','2024-01-23 02:23:09',1),('3c01daf58358ca336297284f6d3e5864',32,'成人网站–无需翻墙',-1,-1,'27539556@qq.com',NULL,1,'2024-01-24 02:01:15','2024-01-24 02:01:15',1),('3cdc6f904626852682ebd6ae8c161a0b',33,'短文爽剧合集71部',-1,-1,'fxf20070819@qq.com',NULL,1,'2024-01-25 12:01:53','2024-01-25 12:01:53',1),('3ce942ad6ff3282d421c743cfb74d593',35,'破解游戏合集',-1,-1,'2498410855@qq.com',NULL,1,'2024-02-24 05:08:49','2024-02-24 05:08:49',1),('3db15ea0f80a4c460c3772337fe88abb',32,'成人网站–无需翻墙',-1,-1,'2035107989@qq.com',NULL,1,'2024-03-06 16:30:23','2024-03-06 16:30:23',1),('3e3dbd49ffe210a7031c7137bdf448f6',35,'破解游戏合集',-1,-1,'wugong2023@outlook.com',NULL,1,'2024-01-25 14:49:10','2024-01-25 14:49:10',1),('3eac29825248034a7e62eab50f3e17ea',33,'短文爽剧合集71部',-1,-1,'13072777336@wo.cn',NULL,1,'2024-01-25 23:52:42','2024-01-25 23:52:42',1),('3f0c6a41d1bd5b493c485d84761f70c1',32,'成人网站–无需翻墙',-1,-1,'749062870@qq.com',NULL,1,'2024-01-21 17:26:04','2024-01-21 17:26:04',1),('3f6568334dc19e4f1be227996898b6cf',35,'破解游戏合集',-1,-1,'1179127378@qq.com',NULL,1,'2024-02-25 23:14:09','2024-02-25 23:14:09',1),('4040f43558a6caa749aca93d78751cd9',31,'高质量网站–需翻墙',5,5,'3151823686@qq.com',NULL,2,'2024-01-25 02:29:16','2024-01-25 02:39:16',1),('40c6679aba9d184092c3ce4463dd494c',35,'破解游戏合集',-1,-1,'3195465663@qq.com',NULL,1,'2024-02-11 01:23:07','2024-02-11 01:23:07',1),('40f5ec2b09c10068579ac427c4e9eb62',32,'成人网站–无需翻墙',-1,-1,'2756075295@qq.com',NULL,1,'2024-02-13 17:38:27','2024-02-13 17:38:27',1),('411619d8769440b12bd34afa78876233',24,'全新谷歌邮箱',5,5,'749062870@qq.com','95',2,'2023-12-30 11:28:46','2023-12-30 11:34:46',1),('415b0eb42c69e4e8b4486a0a0294c0bf',33,'短文爽剧合集71部',-1,-1,'zhihaodeng885@gmail.com',NULL,1,'2024-01-24 23:04:15','2024-01-24 23:04:15',1),('42678f3f0d665e6b7545e544a43af558',32,'成人网站–无需翻墙',-1,-1,'2084661874@qq.com',NULL,1,'2024-02-17 22:35:24','2024-02-17 22:35:24',1),('426d70e8dbb63d0cca64cf212bc19aca',32,'成人网站–无需翻墙',-1,-1,'2359264538@qq.com',NULL,1,'2024-02-20 15:51:35','2024-02-20 15:51:35',1),('4289657e6df8ea90b1c0178caec354ce',18,'Tiktok破解版',2,2,'749062870@qq.com',NULL,2,'2023-12-31 17:42:56','2023-12-31 17:52:56',1),('42b0c91703ca05abb22846a4db879258',20,'100G高速流量',20,20,'749062870@qq.com',NULL,2,'2024-01-03 00:13:27','2024-01-03 00:23:28',1),('42fbcd8792fed0c17996e18122e09927',17,'200部短文爽剧',4,4,'3379582030@qq.com',NULL,1,'2023-12-29 20:51:13','2023-12-29 20:52:14',1),('430e696262a318dea97d96232fa899fb',32,'成人网站–无需翻墙',-1,-1,'1129058458@qq.com',NULL,1,'2024-02-28 00:55:55','2024-02-28 00:55:55',1),('44612e437ec2f757fa4cfd63968a5edb',32,'成人网站–无需翻墙',-1,-1,'law131420@gmail.com',NULL,1,'2024-02-05 02:03:32','2024-02-05 02:03:32',1),('4495be5524b5734f5782aa7d07a7f513',32,'成人网站–无需翻墙',-1,-1,'1179127378@qq.com',NULL,1,'2024-02-25 23:13:31','2024-02-25 23:13:31',1),('456954db500ce17c7750021eed21f0e1',35,'破解游戏合集',-1,-1,'749062870@qq.com',NULL,1,'2024-03-05 16:22:58','2024-03-05 16:22:58',1),('458c26a085d892c0c3da9254f2607075',32,'成人网站–无需翻墙',-1,-1,'1912085227@qq.com',NULL,1,'2024-01-23 16:50:50','2024-01-23 16:50:50',1),('462c6f67660863fde33036d88ea46453',32,'成人网站–无需翻墙',-1,-1,'dannylee14012@outlook.com',NULL,1,'2024-02-13 20:56:39','2024-02-13 20:56:39',1),('467bc3d4f90f20c4952fbc812a6a823f',31,'高质量网站–需翻墙',5,5,'3179131071@qq.com',NULL,2,'2024-02-19 02:24:43','2024-02-19 02:34:44',1),('46fa38127f070128953c29b9fa97b628',32,'成人网站–无需翻墙',-1,-1,'1187690499@qq.com',NULL,1,'2024-02-17 06:41:57','2024-02-17 06:41:57',1),('4701a04b04990275ee04e58d43044553',33,'短文爽剧合集71部',-1,-1,'3365729873@qq.com',NULL,1,'2024-02-09 01:09:05','2024-02-09 01:09:05',1),('47604fd09990d3fec98432d3cc21cead',16,'300部短文爽剧合集',5,5,'3025438536@qq.com',NULL,2,'2024-02-09 03:10:07','2024-02-09 03:20:07',1),('476bedc5ae4dfb68d2dab8ff842c010c',35,'破解游戏合集',-1,-1,'3573925832@163.com',NULL,1,'2024-02-13 01:02:38','2024-02-13 01:02:38',1),('47bc48accfd2bcfec8cb9f1c5f09e7c3',12,'Telegram美国账号',15,15,'749062870@qq.com','91',2,'2023-12-28 23:30:29','2023-12-28 23:36:29',1),('4880615a41dccd2547b49d298cea777c',23,'Windows电脑翻墙软件',10,10,'749062870@qq.com',NULL,2,'2024-01-03 00:14:09','2024-01-03 00:24:09',1),('48d0e773ffe5c168d73f24a3ca2fe64c',32,'成人网站–无需翻墙',-1,-1,'2275715410@qq.com',NULL,1,'2024-01-28 03:05:39','2024-01-28 03:05:39',1),('490c848db57adcb843a778e7488cdfcc',32,'成人网站–无需翻墙',-1,-1,'2433308011@qq.com',NULL,1,'2024-02-19 23:20:19','2024-02-19 23:20:19',1),('4916179c26ab4cb75a55b3ce06ddbb12',20,'100G高速流量',20,20,'749062870@qq.com',NULL,2,'2023-12-31 19:44:51','2023-12-31 19:54:51',1),('49b030fcda8b40f45982f4f41d578349',33,'短文爽剧合集71部',-1,-1,'2540551000@qq.com',NULL,1,'2024-01-30 15:10:33','2024-01-30 15:10:33',1),('4a2ad92e6c927001c5c83c9c2259492d',32,'成人网站–无需翻墙',-1,-1,'19373865451@163.com',NULL,1,'2024-02-14 22:15:36','2024-02-14 22:15:36',1),('4a313a7531d51f4fd25eec1049e69794',35,'破解游戏合集',-1,-1,'3048882501@qq.com',NULL,1,'2024-02-19 08:24:09','2024-02-19 08:24:09',1),('4a7b210660f2fda50d09ee7c05948bfc',26,'美国号',5,5,'15135096608@163.com','103',2,'2024-02-04 01:47:43','2024-02-04 01:57:43',1),('4b2c3317fe72a941d9169b06e83f8cee',32,'成人网站–无需翻墙',-1,-1,'31440124@qq.com',NULL,1,'2024-01-31 05:56:00','2024-01-31 05:56:00',1),('4bb772c76ef10ffed78993184125bdb9',35,'破解游戏合集',-1,-1,'menghuat543@gmail.com',NULL,1,'2024-02-20 22:56:43','2024-02-20 22:56:43',1),('4c17bf1ff89e797637e35fe035e00492',33,'短文爽剧合集71部',-1,-1,'2562535760@qq.com',NULL,1,'2024-02-24 13:36:55','2024-02-24 13:36:55',1),('4c1f87dd6fb9171b0098b441b7721d03',32,'成人网站–无需翻墙',-1,-1,'3084664019@qq.com',NULL,1,'2024-02-12 01:59:42','2024-02-12 01:59:42',1),('4c617f5f48d501fa42c7bcde66eadc29',18,'Tiktok破解版',2,2,'749062870@qq.com',NULL,1,'2023-12-30 14:40:54','2023-12-30 14:43:36',1),('4c7d9b6b424360d19597a444c2f4f265',35,'破解游戏合集',-1,-1,'2324649349@qq.com',NULL,1,'2024-02-06 02:55:18','2024-02-06 02:55:18',1),('4cd4c3c28725ac12a7045ad5f082532c',33,'短文爽剧合集71部',-1,-1,'184997645@qq.com',NULL,1,'2024-02-12 02:02:20','2024-02-12 02:02:20',1),('4d7b9b2b40dd53bccde4538581f05ef6',11,'测试产品',1,7,'749062870@qq.com','79:80:81:82:83:84:85',2,'2023-12-29 11:47:47','2023-12-29 11:53:48',7),('4da865d27e66d8382fc04a9e338ab7b8',32,'成人网站–无需翻墙',-1,-1,'3151823686@qq.com',NULL,1,'2024-01-25 02:33:50','2024-01-25 02:33:50',1),('4dfd43ed6e752924a036e7fb1afa2a80',32,'成人网站–无需翻墙',-1,-1,'18846232223@163.com',NULL,1,'2024-02-03 13:15:20','2024-02-03 13:15:20',1),('4ed3df63d5b8c4a9919b155255e70b2b',35,'破解游戏合集',-1,-1,'1991944338@qq.com',NULL,1,'2024-02-24 18:43:24','2024-02-24 18:43:24',1),('4ed76f45acda9caf1e0f792c4b5da281',16,'300部短文爽剧合集',5,5,'是',NULL,2,'2024-01-20 22:28:32','2024-01-20 22:38:32',1),('4f5e35f5f34644e1e0be75f7899db89b',33,'短文爽剧合集71部',-1,-1,'1842034462@qq.com',NULL,1,'2024-02-11 01:13:04','2024-02-11 01:13:04',1),('5010fe0310e3a386e98527974d86e4cf',33,'短文爽剧合集71部',-1,-1,'2536397759@qq.com',NULL,1,'2024-01-28 12:01:36','2024-01-28 12:01:36',1),('51d39322324bad588f9b3c500b3bfdc9',27,'ins全新号',10,10,'1503500252@qq.com','97',2,'2024-02-03 15:33:30','2024-02-03 15:43:30',1),('5272ae15911c831b46e4059fe4a3064c',32,'成人网站–无需翻墙',-1,-1,'3048882504@qq.com',NULL,1,'2024-02-19 08:24:30','2024-02-19 08:24:30',1),('53ae0ef8e69527dd966443ae81ac5103',32,'成人网站–无需翻墙',-1,-1,'2423375330@qq.com',NULL,1,'2024-02-01 13:31:09','2024-02-01 13:31:09',1),('53fe66402b68eb9b37046e8be42b9fd7',26,'美国号',5,5,'caneg@mailto.plus','103',2,'2024-01-21 20:39:19','2024-01-21 20:49:19',1),('55b5ff6771209d2fb80f994e10a60dbd',32,'成人网站–无需翻墙',-1,-1,'mevjom@youxiang.dev',NULL,1,'2024-02-18 21:26:02','2024-02-18 21:26:02',1),('5602dd857a3b00296f01c62f593801e2',33,'短文爽剧合集71部',-1,-1,'546311433@qq.com',NULL,1,'2024-02-22 16:21:17','2024-02-22 16:21:17',1),('5621f7b81b0f954405a1e698f98648f4',32,'成人网站–无需翻墙',-1,-1,'1982228311@qq.com',NULL,1,'2024-01-29 20:48:30','2024-01-29 20:48:30',1),('564154eee34afc783bd98054755fd00f',29,'Twitter',1,1,'3238190389@qq.com',NULL,2,'2024-01-28 01:21:39','2024-01-28 01:31:39',1),('566bcf5242475f615a4807782f3c9258',32,'成人网站–无需翻墙',-1,-1,'2211091828@qq.com',NULL,1,'2024-02-25 02:01:47','2024-02-25 02:01:47',1),('56d735faa62d10a0f513e3f7068919a3',31,'高质量网站–需翻墙',5,5,'2909761388@qq.com',NULL,2,'2024-01-20 19:53:21','2024-01-20 20:03:21',1),('575321b8bac97169386098dc1a461363',21,'188G高速流量',30,30,'749062870@qq.com',NULL,2,'2023-12-31 19:46:48','2023-12-31 19:56:48',1),('5765d696622c030c67d5a864a14d2a6b',32,'成人网站–无需翻墙',-1,-1,'wc19923118752@qq.com',NULL,1,'2024-02-01 00:25:03','2024-02-01 00:25:03',1),('57a0ed6a7903dc69b21ecf03f8ed331b',33,'短文爽剧合集71部',-1,-1,'kenny0289@163.com',NULL,1,'2024-01-28 16:23:15','2024-01-28 16:23:15',1),('5845640f01a35128bc3d6112f80b2dd6',11,'测试产品',1,1,'4455','85',2,'2023-12-29 18:11:58','2023-12-29 18:17:59',1),('59eb8f6ac624a341c46f05822457a804',16,'300部短文爽剧合集',5,5,'749062870@qq.com',NULL,2,'2024-01-03 23:41:00','2024-01-03 23:51:01',1),('5a7e664fed78b992557d45275097b473',35,'破解游戏合集',-1,-1,'405927693@qq.com',NULL,1,'2024-01-27 00:54:15','2024-01-27 00:54:15',1),('5c4b1e0d053d581d8792c5e0338d6608',32,'成人网站–无需翻墙',-1,-1,'3130219551@qq.com',NULL,1,'2024-01-28 02:22:24','2024-01-28 02:22:24',1),('5cac767fcaeee93d0312ac0651a1bb44',26,'美国号',5,5,'749062870@qq.com','104',2,'2024-01-17 23:59:46','2024-01-18 00:09:46',1),('5d7c86e027165853aa375e254581a98b',32,'成人网站–无需翻墙',-1,-1,'law131420@gmail.com',NULL,1,'2024-02-05 02:04:13','2024-02-05 02:04:13',1),('5d9b3c4d07dc92041f155cefcfd6572a',33,'短文爽剧合集71部',-1,-1,'944031684@qq.com',NULL,1,'2024-02-12 02:23:52','2024-02-12 02:23:52',1),('5e39315aef0f6ea2b034b6945a8a859a',33,'短文爽剧合集71部',-1,-1,'jiangxiapeople@163.com',NULL,1,'2024-01-25 23:57:10','2024-01-25 23:57:10',1),('5e898d88f19f6c3b897389fca118a67a',33,'短文爽剧合集71部',-1,-1,'3084664019@qq.com',NULL,1,'2024-02-12 02:00:01','2024-02-12 02:00:01',1),('60ad34fe2d6cb19f0ffee693cd5bbbbf',32,'成人网站–无需翻墙',-1,-1,'1316833141@qq.com',NULL,1,'2024-02-14 23:24:22','2024-02-14 23:24:22',1),('60b5436069090cafbeefa6cae52f59cb',31,'高质量网站–需翻墙',5,5,'1316833141@qq.com',NULL,2,'2024-02-14 23:23:32','2024-02-14 23:33:32',1),('610f8bd248c1005198ed5da9ff42c128',35,'破解游戏合集',-1,-1,'49558949@qq.com',NULL,1,'2024-02-01 02:40:25','2024-02-01 02:40:25',1),('615c3cdc243e010b1fc5a817819e87a7',11,'测试产品',1,1,'3228949325@qq.com','78',1,'2023-12-29 01:14:06','2023-12-29 01:14:39',1),('61a93f8a048da0705c113e547178200c',32,'成人网站–无需翻墙',-1,-1,'btm2021@qq.com',NULL,1,'2024-02-06 01:24:25','2024-02-06 01:24:25',1),('61e87716ac5fd4641dcac9ad1a58d413',31,'高质量网站–需翻墙',5,5,'2909761388@qq.com',NULL,2,'2024-01-20 19:52:47','2024-01-20 20:02:47',1),('6228da4cc4a40dbde3c6fd751476f789',33,'短文爽剧合集71部',-1,-1,'2291998548@qq.com',NULL,1,'2024-02-03 23:30:36','2024-02-03 23:30:36',1),('623a251edb7ac90d4b2a5e2bd42ef3fa',16,'300部短文爽剧合集',5,5,'749062870@qq.com',NULL,2,'2024-01-04 08:01:53','2024-01-04 08:11:53',1),('623b8a618a1c059bbfe7058e34359c34',32,'成人网站–无需翻墙',-1,-1,'1262105244@qq.com',NULL,1,'2024-01-29 21:37:07','2024-01-29 21:37:07',1),('62c5de8e35ae0d06b355424cc8f50f95',16,'300部短文爽剧合集',5,5,'749062870@qq.com',NULL,2,'2023-12-31 18:19:37','2023-12-31 18:29:37',1),('62fae426c36d077c4dae08eed2868b55',32,'成人网站–无需翻墙',-1,-1,'1043443559@qq.com',NULL,1,'2024-02-18 11:49:17','2024-02-18 11:49:17',1),('6345075ad055f42ae49616258029ad36',31,'高质量网站–需翻墙',5,5,'749062870@qq.com',NULL,2,'2024-01-21 17:40:48','2024-01-21 17:50:48',1),('63810a2443e32854f9745bf74f68808b',35,'破解游戏合集',-1,-1,'18846232223@163.com',NULL,1,'2024-02-03 13:15:03','2024-02-03 13:15:03',1),('63845560162392d48e2ca52e7c96de3f',32,'成人网站–无需翻墙',-1,-1,'1245087732@qq.com',NULL,1,'2024-01-27 14:56:55','2024-01-27 14:56:55',1),('64901547ddd09f7b3dfe8e45d8df682b',32,'成人网站–无需翻墙',-1,-1,'2484911329@qq.com',NULL,1,'2024-02-19 17:28:03','2024-02-19 17:28:03',1),('64b807c4d87d340b8288846103388c1f',31,'高质量网站–需翻墙',5,5,'749062870@qq.com',NULL,2,'2024-02-16 14:20:20','2024-02-16 14:30:21',1),('64db510cf8b03b6bfb9f9244f972e327',11,'测试产品',1,1,'749062870@qq.com','86',1,'2023-12-31 16:57:43','2023-12-31 16:58:09',1),('651b8854549c73b2676ec30d56a475bb',35,'破解游戏合集',-1,-1,'2484911329@qq.com',NULL,1,'2024-02-19 17:28:24','2024-02-19 17:28:24',1),('659ec2687802ecf614baf73cb6fab3bc',32,'成人网站–无需翻墙',-1,-1,'2191319202@qq.com',NULL,1,'2024-01-23 07:02:37','2024-01-23 07:02:37',1),('65da111100da6450cb38292899470d81',26,'Telegram特价号',2,2,'749062870@qq.com','96',2,'2024-01-02 07:34:22','2024-01-02 07:44:23',1),('663c74845fa08fbfc6179b16f3341b4b',32,'成人网站–无需翻墙',-1,-1,'1982228311@qq.com',NULL,1,'2024-01-29 20:47:13','2024-01-29 20:47:13',1),('66676fb9090365af8ed3ca8b88a08581',11,'测试产品',1,1,'3228949325@ qq.com','77',1,'2023-12-29 00:16:08','2023-12-29 00:16:45',1),('66e4f275a10f92b3210b240eedd4748f',35,'破解游戏合集',-1,-1,'913274258@qq.com',NULL,1,'2024-01-25 11:21:01','2024-01-25 11:21:01',1),('678d91a28e865e808681b589dd6c7817',32,'成人网站–无需翻墙',-1,-1,'1820302530@qq.com',NULL,1,'2024-02-09 15:22:52','2024-02-09 15:22:52',1),('67dd97e39f1fb4c0e0332f177a571d83',12,'Telegram美国号',10,10,'749062870@qq.com','91',2,'2024-01-01 08:21:08','2024-01-01 08:31:09',1),('67fec5fad9be65f6d2a13d88e60edb85',32,'成人网站–无需翻墙',-1,-1,'anbai9020@gmail.com',NULL,1,'2024-02-22 20:16:40','2024-02-22 20:16:40',1),('682302a9976a43aaef781bad8a918142',32,'成人网站–无需翻墙',-1,-1,'1401765849@qq.com',NULL,1,'2024-02-16 04:43:39','2024-02-16 04:43:39',1),('686b380621f00d8949b01adac7280824',16,'300部短文爽剧合集',5,5,'749062870@qq.com',NULL,2,'2024-01-05 00:23:25','2024-01-05 00:33:25',1),('695e0a97d58d44593f44f90303fd4f9c',15,'Twitter全新号',10,10,'749062870@qq.com','116',2,'2024-02-21 14:26:35','2024-02-21 14:36:35',1),('6a0163eb0b92cf3027d629ac917493b2',11,'测试产品',1,3,'749062870@qq.com','82:83:84',1,'2023-12-29 18:07:46','2023-12-29 18:08:04',3),('6a90d45dd951548dfa985ea286fabd6c',32,'成人网站–无需翻墙',-1,-1,'1114752129@qq.com',NULL,1,'2024-02-12 17:31:51','2024-02-12 17:31:51',1),('6b01b3ebd66d60bb2c513bff7cfc11db',32,'成人网站–无需翻墙',-1,-1,'29160@163.com',NULL,1,'2024-01-29 07:03:25','2024-01-29 07:03:25',1),('6b354e898c244c00f294b9f8ccd8647c',15,'Twitter全新号',10,10,'1295599142@qq.com','93',2,'2024-01-30 20:32:49','2024-01-30 20:42:50',1),('6b3d75cc692166e85840d242512a8e92',35,'破解游戏合集',-1,-1,'3077573832@qq.com',NULL,1,'2024-02-09 15:59:43','2024-02-09 15:59:43',1),('6bbf589b11ba9d6a6057ec313cadffd0',18,'Tiktok破解版',2,2,'749062870@qq.com',NULL,1,'2023-12-31 16:42:41','2023-12-31 16:43:07',1),('6df2366010ef3147659a4e30aa4e092e',11,'测试产品',1,20,'749062870@qq.com','56:57:58:59:61:62:63:64:65:66:67:68:69:70:71:72:73:74:75:76',1,'2023-12-28 23:11:13','2023-12-28 23:11:32',20),('6effde8d1ddd83485a6b4605d0916fae',24,'全新谷歌邮箱',5,5,'749062870@qq.com','95',2,'2024-02-16 14:52:19','2024-02-16 15:02:19',1),('6f4b743ba4b2a0b2c238103de35f3ce3',32,'成人网站–无需翻墙',-1,-1,'997128992@qq.com',NULL,1,'2024-02-17 00:37:26','2024-02-17 00:37:26',1),('70459b7f7ed290555a3a20240813bd56',32,'成人网站–无需翻墙',-1,-1,'1753233880@qq.com',NULL,1,'2024-02-08 21:11:24','2024-02-08 21:11:24',1),('70c26a49cb64a6982ebd8d75a82cca51',28,'长期高速代理',10,10,'1280737118@qq.com',NULL,2,'2024-01-16 22:28:38','2024-01-16 22:38:39',1),('7249784abe25402ef4bd8f68229d4d24',32,'成人网站–无需翻墙',-1,-1,'1195602562@qq.com',NULL,1,'2024-01-27 00:25:40','2024-01-27 00:25:40',1),('725719e061f093c09c252383449cd3f3',25,'Android免费VPN',10,10,'421850241@qq.com',NULL,1,'2024-01-16 01:52:03','2024-01-16 01:52:47',1),('725ea49a5a8194e85b854dd79ee0ae89',33,'短文爽剧合集71部',-1,-1,'1205839654@qq.com',NULL,1,'2024-02-09 06:54:01','2024-02-09 06:54:01',1),('73d2b652d8d2abc1e6dbf2852ef508a9',35,'破解游戏合集',-1,-1,'530551491@qq.com',NULL,1,'2024-02-22 21:56:37','2024-02-22 21:56:37',1),('7580d5dd5c29d3dd3ece63034c00438e',32,'成人网站–无需翻墙',-1,-1,'2701746805@qq.com',NULL,1,'2024-02-22 00:42:26','2024-02-22 00:42:26',1),('762b6b6cfe53f0a62f9f5cba318ddffa',32,'成人网站–无需翻墙',-1,-1,'1626556188@qq.com',NULL,1,'2024-02-21 20:34:22','2024-02-21 20:34:22',1),('7647f2dfdce5194871e8017cd8dac85f',31,'高质量网站–需翻墙',5,5,'749062870@qq.com',NULL,2,'2024-01-16 06:54:15','2024-01-16 07:04:15',1),('767fad4ceffbd67e6acabf2423f59928',32,'成人网站–无需翻墙',-1,-1,'1593984816@qq.com',NULL,1,'2024-02-11 06:46:44','2024-02-11 06:46:44',1),('775703484aa6949c04f1ee5525492ef2',35,'破解游戏合集',-1,-1,'851644806@qq.com',NULL,1,'2024-02-20 23:44:55','2024-02-20 23:44:55',1),('7761bdd0141953f8988eb22b3cabb6a9',33,'短文爽剧合集71部',-1,-1,'1753233880@qq.com',NULL,1,'2024-02-08 21:11:46','2024-02-08 21:11:46',1),('77661b2861c4fed2f30595d6563df821',33,'短文爽剧合集71部',-1,-1,'804344897@qq.com',NULL,1,'2024-02-05 17:52:58','2024-02-05 17:52:58',1),('77cd4da1576a6b67dad6a886c634199b',35,'破解游戏合集',-1,-1,'3613569829@qq.com',NULL,1,'2024-03-06 00:57:15','2024-03-06 00:57:15',1),('77e10d4c12d6b94bbf222b3d39247f4d',33,'短文爽剧合集71部',-1,-1,'749062870@qq.com',NULL,1,'2024-01-21 17:49:07','2024-01-21 17:49:07',1),('7911bd14644f1d4121d2ebfbf869d594',15,'Twitter全新号',10,10,'7851993@qq.com','93',2,'2024-01-22 17:35:36','2024-01-22 17:45:36',1),('796b099ce361aca48ed852f154ff9975',15,'Twitter全新号',10,10,'@qq.com577818309','93',2,'2024-01-18 19:48:04','2024-01-18 19:58:04',1),('7a365b82cbaef8964ca4f35e8285b247',32,'成人网站–无需翻墙',-1,-1,'cwj3141523261@163.com',NULL,1,'2024-02-16 16:27:54','2024-02-16 16:27:54',1),('7a9adcd801430a68ca4f8e8dea709a67',35,'破解游戏合集',-1,-1,'2965764510@qq.com',NULL,1,'2024-02-21 02:02:48','2024-02-21 02:02:48',1),('7b03b6f9961393d7607c7d23ab8353d6',32,'成人网站–无需翻墙',-1,-1,'lovefoever5520@outlook.com',NULL,1,'2024-02-18 14:05:17','2024-02-18 14:05:17',1),('7bb9b0dae383fd53d4781b1521cb0307',32,'成人网站–无需翻墙',-1,-1,'1980350509@qq.com',NULL,1,'2024-03-03 19:27:41','2024-03-03 19:27:41',1),('7bc4aab25a50519a713adc4ce8fdb926',32,'成人网站–无需翻墙',-1,-1,'1754547890@qq.com',NULL,1,'2024-02-10 08:53:05','2024-02-10 08:53:05',1),('7bd3e1fad6656f4e5490a9f1c97cb6e3',36,'频道互推清除器',25,25,'749062870@qq.com',NULL,2,'2024-01-29 13:22:18','2024-01-29 13:32:18',1),('7c0ad470ea14447d593f6b2691f9e377',32,'成人网站–无需翻墙',-1,-1,'3077573832@qq.com',NULL,1,'2024-02-09 15:59:31','2024-02-09 15:59:31',1),('7c35c05e7b05e08e773482c78f69b20d',32,'成人网站–无需翻墙',-1,-1,'2701746805@163.com',NULL,1,'2024-02-22 00:42:06','2024-02-22 00:42:06',1),('7cf44eea4effa6e472af964ceeeefa96',32,'成人网站–无需翻墙',-1,-1,'947830746@qq.com',NULL,1,'2024-02-25 01:10:05','2024-02-25 01:10:05',1),('7d31f7746092a6af236b865afc92cb96',35,'破解游戏合集',-1,-1,'www.m13304442723@163.com',NULL,1,'2024-01-27 20:33:55','2024-01-27 20:33:55',1),('7d6cac26805c83f63c4c831d5be3af95',32,'成人网站–无需翻墙',-1,-1,'742709283@qq.com',NULL,1,'2024-02-07 04:14:27','2024-02-07 04:14:27',1),('7ebb100c1e70eb5fec7736b931aba6ac',18,'Tiktok破解版',2,2,'749062870@qq.com',NULL,2,'2024-01-05 22:03:55','2024-01-05 22:13:55',1),('7f1ba42b315949a1bf54ff0b5a8db3f7',32,'成人网站–无需翻墙',-1,-1,'grzdimkhiu@iubridge.com',NULL,1,'2024-01-21 20:36:02','2024-01-21 20:36:02',1),('7f58b532420da3cfd07ff36645d1c48d',35,'破解游戏合集',-1,-1,'541677428@qq.com',NULL,1,'2024-01-28 14:55:47','2024-01-28 14:55:47',1),('80898f8190d61f83b76623058261ce24',32,'成人网站–无需翻墙',-1,-1,'1352186386@qq.com',NULL,1,'2024-02-21 14:58:05','2024-02-21 14:58:05',1),('8180dd71d025e8236b53d9ee2c35eb49',32,'成人网站–无需翻墙',-1,-1,'776539761@qq.com',NULL,1,'2024-01-25 01:54:21','2024-01-25 01:54:21',1),('81c20eb880b7535458d854c6f711c7a5',32,'成人网站–无需翻墙',-1,-1,'jiangxiapeople@163.com',NULL,1,'2024-01-25 23:56:38','2024-01-25 23:56:38',1),('81efb70ced86fc4f339adafd7cab0993',35,'破解游戏合集',-1,-1,'1912085227@qq.com',NULL,1,'2024-01-23 16:51:03','2024-01-23 16:51:03',1),('82215b415c4f7a2c73789f1fa37b161c',33,'短文爽剧合集71部',-1,-1,'208067810@qq.com',NULL,1,'2024-01-29 00:48:03','2024-01-29 00:48:03',1),('82920c4ff9d3c045b0ba76783650e3c5',32,'成人网站–无需翻墙',-1,-1,'467027947@qq.com',NULL,1,'2024-02-17 12:14:51','2024-02-17 12:14:51',1),('829e974564580602af3a6bca8513f6c7',28,'每日更新',1,1,'749062870@qq.com',NULL,2,'2024-01-08 18:37:57','2024-01-08 18:47:57',1),('83187a6ad9c04b80dedb9fc348887095',33,'短文爽剧合集71部',-1,-1,'2028281768@qq.com',NULL,1,'2024-01-25 00:03:32','2024-01-25 00:03:32',1),('83a61ed014586897cd0f5bf071873e40',31,'高质量网站–需翻墙',5,5,'2909761388@qq.com',NULL,2,'2024-01-21 10:21:50','2024-01-21 10:31:51',1),('85bdbfa6cab88341fcddfb231f37229b',32,'成人网站–无需翻墙',-1,-1,'405926793@qq.com',NULL,1,'2024-01-27 00:54:47','2024-01-27 00:54:47',1),('85e08d76404eef5de002d410ccfc6fb4',31,'高质量网站–需翻墙',5,5,'2595412209@qq.com',NULL,2,'2024-02-03 00:13:46','2024-02-03 00:23:46',1),('86ce53ef01ee70eaab78cb5c58986f1e',15,'Twitter全新号',10,10,'389353449@qq.com','116',2,'2024-02-14 23:10:26','2024-02-14 23:20:26',1),('87168222cc710b7c7d8be4dff7594aa7',32,'成人网站–无需翻墙',-1,-1,'1469900407@qq.com',NULL,1,'2024-02-24 00:28:17','2024-02-24 00:28:17',1),('87261a9f4934fb27c9f6b5e2de6bec27',24,'全新谷歌邮箱',5,5,'3263355433@qq.com','95',2,'2024-02-01 01:11:41','2024-02-01 01:21:41',1),('884d889768b52a535ab00084117ed04c',18,'Tiktok破解版',2,2,'749062870@qq.com',NULL,2,'2023-12-31 17:18:59','2023-12-31 17:28:59',1),('8919ec9c665067163886e8d8658f544c',35,'破解游戏合集',-1,-1,'1469900407@qq.com',NULL,1,'2024-02-24 00:28:37','2024-02-24 00:28:37',1),('8a630f77f1fce490a0e89e59e53b9df6',11,'测试产品',1,1,'749062870@qq.com','85',1,'2023-12-31 00:08:10','2023-12-31 00:08:48',1),('8ad27e2341b27cbea171378098d0c805',18,'Tiktok破解版',2,2,'749062870@qq.com',NULL,2,'2024-01-17 02:59:04','2024-01-17 03:09:05',1),('8ad4c6043506aa1222f49a09b3865401',33,'短文爽剧合集71部',-1,-1,'207582603@qq.com',NULL,1,'2024-02-16 17:30:57','2024-02-16 17:30:57',1),('8b819465f461c0e49567b4ffd8e577a1',33,'短文爽剧合集71部',-1,-1,'heikeyyh@gmail.com',NULL,1,'2024-01-29 07:35:02','2024-01-29 07:35:02',1),('8bd9f98b7184b76efd7ebcf75cbab382',32,'成人网站–无需翻墙',-1,-1,'1480234400@qq.com',NULL,1,'2024-03-05 07:21:21','2024-03-05 07:21:21',1),('8bfd2a0ff2e03db6716cc37d9ae92789',33,'短文爽剧合集71部',-1,-1,'1937497094@qq.com',NULL,1,'2024-02-14 08:15:43','2024-02-14 08:15:43',1),('8c19e57eff8b97cacad88d84bb5f9db0',32,'成人网站–无需翻墙',-1,-1,'862821356@qq.com',NULL,1,'2024-02-21 12:09:33','2024-02-21 12:09:33',1),('8c38080092d7bec9209dacd7d3c1bb31',31,'高质量网站–需翻墙',5,5,'749062870@qq.com',NULL,2,'2024-01-13 23:15:45','2024-01-13 23:25:45',1),('8c9bb11fa7e9a0623641fc691dedd007',32,'成人网站–无需翻墙',-1,-1,'2821992548@qq.com',NULL,1,'2024-02-14 04:10:10','2024-02-14 04:10:10',1),('8ca2dba5f9f3af208130e0eb8a251365',13,'无限1',1,1,'749062870@qq.com',NULL,1,'2023-12-29 14:31:47','2023-12-29 14:32:05',1),('8d2f8901b9fe4df81ab230b757fa2e1a',35,'破解游戏合集',-1,-1,'lovefoever5520@outlook.com',NULL,1,'2024-02-18 14:04:29','2024-02-18 14:04:29',1),('8ea2a07d47502c4f4f89f96f22061007',33,'短文爽剧合集71部',-1,-1,'ws98709@163.com',NULL,1,'2024-02-12 16:44:04','2024-02-12 16:44:04',1),('8f2ca3f9b44c2b383f07928618b40476',33,'短文爽剧合集71部',-1,-1,'749062870@qq.com',NULL,1,'2024-01-21 20:25:37','2024-01-21 20:25:37',1),('8ffc75d8c899af045ae425df6810201b',35,'破解游戏合集',-1,-1,'2536397759@qq.com',NULL,1,'2024-01-28 12:02:22','2024-01-28 12:02:22',1),('904d649ba069881d200105bf319a39e5',32,'成人网站–无需翻墙',-1,-1,'dannylee14012@outlook.com',NULL,1,'2024-02-13 20:57:46','2024-02-13 20:57:46',1),('905c01fd20a5c7cff14c4676f69a5329',33,'短文爽剧合集71部',-1,-1,'2738385186@qq.com',NULL,1,'2024-01-21 17:56:23','2024-01-21 17:56:23',1),('906cd6a75a7b361840c2690e579251d9',11,'测试产品',1,1,'749062870@qq.com','85',2,'2023-12-29 22:55:21','2023-12-29 23:01:21',1),('907b7db91ed240906ff80a89560fd00b',16,'300部短文爽剧合集',5,5,'302576360',NULL,2,'2023-12-29 21:42:42','2023-12-29 21:48:42',1),('918893b233d550b43ea892fc5140d890',32,'成人网站–无需翻墙',-1,-1,'y2609620976@gmail.com',NULL,1,'2024-02-21 16:38:47','2024-02-21 16:38:47',1),('91df6a33c66a835f7eb8a44e68c88da1',15,'Twitter全新号',10,10,'liuyi15145924580@126.com','92',1,'2024-01-16 09:52:45','2024-01-16 09:53:22',1),('9219aff0a08a7bc2e4860ac8c5c78e76',13,'无限1',1,1,'749062870@qq.com',NULL,1,'2023-12-28 23:13:22','2023-12-28 23:13:36',1),('9332c5c89df5ce18483d61ff1cd67842',32,'成人网站–无需翻墙',-1,-1,'184997645@qq.com',NULL,1,'2024-02-12 02:03:53','2024-02-12 02:03:53',1),('9341f7c9bc07b7d6a1bf371561c2e9ff',35,'破解游戏合集',-1,-1,'2680124394@qq.com',NULL,1,'2024-02-03 11:40:58','2024-02-03 11:40:58',1),('934ed71c5ade627c3fa91b80bf94b796',16,'300部短文爽剧合集',5,5,'749062870@qq.com',NULL,2,'2024-01-20 21:25:08','2024-01-20 21:35:08',1),('94131cc1e179a39976f36895849d8994',32,'成人网站–无需翻墙',-1,-1,'869057235@qq.com',NULL,1,'2024-02-06 08:57:00','2024-02-06 08:57:00',1),('94b09726c51c125f8cb9829563e3ca69',35,'破解游戏合集',-1,-1,'3151823686@qq.com',NULL,1,'2024-01-25 02:28:30','2024-01-25 02:28:30',1),('95c332052a1926602ed11702787ba5cf',32,'成人网站–无需翻墙',-1,-1,'wugong2023@outlook.com',NULL,1,'2024-01-25 14:48:29','2024-01-25 14:48:29',1),('95ec612b72791e484db8d9227965f130',33,'短文爽剧合集71部',-1,-1,'1015174374@qq.com',NULL,1,'2024-01-29 01:56:29','2024-01-29 01:56:29',1),('9606e015c478ae293b324ddf6bd3cd13',18,'Tiktok破解版',2,2,'749062870@qq.com',NULL,2,'2023-12-31 20:06:39','2023-12-31 20:16:39',1),('967f7470a01be484b03d38256ec15b85',15,'Twitter全新号',10,20,'749062870@qq.com','92:93',2,'2024-01-01 19:57:22','2024-01-01 20:07:23',2),('96f2876ed4a82e64a87e38af8df15785',35,'破解游戏合集',-1,-1,'2562535760@qq.com',NULL,1,'2024-02-24 13:35:37','2024-02-24 13:35:37',1),('98271046f37eaa68c8514b816113b728',33,'短文爽剧合集71部',-1,-1,'cctv666@linshiyou.com',NULL,1,'2024-02-05 22:41:33','2024-02-05 22:41:33',1),('98376ec49220cc5eb3d2e25a17cac4fa',18,'Tiktok破解版',2,2,'954220651@qq.com',NULL,2,'2024-02-21 18:13:03','2024-02-21 18:23:03',1),('98a7d231614278a4428f5be34f5a4c19',28,'每日更新',1,1,'749062870@qq.com',NULL,1,'2024-01-08 18:44:33','2024-01-08 18:45:00',1),('98acbd5b2ed1c9a771b6150db26f6503',23,'Windows电脑翻墙软件',10,10,'3238190389@qq.com',NULL,2,'2024-01-28 01:23:47','2024-01-28 01:33:47',1),('98f4183390ea57ef53b4b026fb6eccbf',32,'成人网站–无需翻墙',-1,-1,'ww235651@gmail.com',NULL,1,'2024-02-18 15:28:40','2024-02-18 15:28:40',1),('997a6a65baee58610bf94c5191df497b',32,'成人网站–无需翻墙',-1,-1,'1870910561@qq.com',NULL,1,'2024-02-10 19:27:28','2024-02-10 19:27:28',1),('9ad1d6901fbcb3b0bfd533906f201a34',32,'成人网站–无需翻墙',-1,-1,'heikeyyh@gmail.com',NULL,1,'2024-01-29 07:34:38','2024-01-29 07:34:38',1),('9b276878d66c3ae09c6a5f31e67562fc',32,'成人网站–无需翻墙',-1,-1,'207582603@qq.com',NULL,1,'2024-02-16 17:28:14','2024-02-16 17:28:14',1),('9b30a5336ab467d48a5a96933bac935e',26,'美国号',5,5,'1272988122@qq.com','103',2,'2024-01-18 22:20:10','2024-01-18 22:30:10',1),('9b4e659d17c93a6584a5176e8c91977d',15,'Twitter全新号',10,10,'2232835435@qq.com','117',2,'2024-02-07 14:50:27','2024-02-07 15:00:27',1),('9ce1ab130c2cf7c451a53af79631204b',32,'成人网站–无需翻墙',-1,-1,'732325161@qq.com',NULL,1,'2024-02-18 19:28:10','2024-02-18 19:28:10',1),('9e036cca6e96732748361cbb14bf11b7',32,'成人网站–无需翻墙',-1,-1,'2274286505@qq.com',NULL,1,'2024-02-15 09:59:31','2024-02-15 09:59:31',1),('9f929829e8c6a1f2e7f2dfd4f9b89c27',33,'短文爽剧合集71部',-1,-1,'btm2021@qq.com',NULL,1,'2024-02-06 01:23:47','2024-02-06 01:23:47',1),('a0145731a576edb5b67d70826115a8ce',32,'成人网站–无需翻墙',-1,-1,'850453617@qq.com',NULL,1,'2024-01-24 10:59:48','2024-01-24 10:59:48',1),('a023d7befc8ea81499a75d1575132738',34,'便宜机场推荐',-1,-1,'749062870@qq.com',NULL,1,'2024-01-21 20:33:51','2024-01-21 20:33:51',1),('a0b630db625d69761b7a2cd28fce798e',25,'Android免费VPN',20,20,'749062870@qq.com',NULL,2,'2024-01-03 00:15:36','2024-01-03 00:25:36',1),('a13f78bfb8181d51a11ef13b75f77c12',32,'成人网站–无需翻墙',-1,-1,'felixliu449@gmail.com',NULL,1,'2024-02-02 00:36:30','2024-02-02 00:36:30',1),('a2fd87a35e451a7bf4b53ede12d4df16',15,'Twitter全新号',10,10,'2232835435@qq.com','116',2,'2024-02-07 14:48:51','2024-02-07 14:58:51',1),('a309e7a41ad8d8937cc0fc301b506f51',33,'短文爽剧合集71部',-1,-1,'law131420@gmail.com',NULL,1,'2024-02-05 02:04:26','2024-02-05 02:04:26',1),('a47ae171417c6c1922004d1a917f255e',35,'破解游戏合集',-1,-1,'850453617@qq.com',NULL,1,'2024-01-24 11:00:57','2024-01-24 11:00:57',1),('a626d4ac0de46aca75c2436f450b6499',32,'成人网站–无需翻墙',-1,-1,'wangkerong8882@gmail.com',NULL,1,'2024-02-15 22:59:28','2024-02-15 22:59:28',1),('a62732144de332507f357f8477340db6',35,'破解游戏合集',-1,-1,'2398256747@qq.com',NULL,1,'2024-03-04 16:58:57','2024-03-04 16:58:57',1),('a66b5e713b8023bfac693b25e38eeed1',31,'高质量网站–需翻墙',5,5,'2909761388@qq.com',NULL,2,'2024-01-20 19:51:58','2024-01-20 20:01:59',1),('a6dec7023489dea684764f35ddfa12c7',25,'Android免费VPN',10,10,'3286984015@qq.com',NULL,2,'2024-01-18 10:15:50','2024-01-18 10:25:50',1),('a6fcda551f3d09bf487241f84fa290d8',31,'高质量网站–需翻墙',5,5,'zt18613385590@yeah.net',NULL,2,'2024-01-20 13:59:28','2024-01-20 14:09:28',1),('a7aeca04f4386ab5bc56dae3aa66703e',32,'成人网站–无需翻墙',-1,-1,'p1060407546@126.com',NULL,1,'2024-02-20 15:25:27','2024-02-20 15:25:27',1),('a7c384c5cb4966f2c95906911e5e82bf',31,'高质量网站–需翻墙',5,5,'ryan710831@gmail.com',NULL,2,'2024-02-27 01:50:32','2024-02-27 02:00:32',1),('a8800cdda3e89c32ffda5602120257ab',32,'成人网站–无需翻墙',-1,-1,'1607989479@qq.com',NULL,1,'2024-02-17 21:28:47','2024-02-17 21:28:47',1),('a8a5a1ca74707a43fd1bf3c48d6626ee',31,'高质量网站–需翻墙',5,5,'1469900407@qq.com',NULL,2,'2024-02-24 00:33:46','2024-02-24 00:43:46',1),('a914f856cf4ad2d27ed8c719b9453786',33,'短文爽剧合集71部',-1,-1,'2423375330@qq.com',NULL,1,'2024-02-01 13:31:24','2024-02-01 13:31:24',1),('a9c09c9bb97bccc90fcf8a59a27b25f0',25,'Android免费VPN',10,10,'377578908@qq.com',NULL,2,'2024-01-31 09:42:39','2024-01-31 09:52:39',1),('a9ce0ab5fe5a37eed24ec5586b29e862',35,'破解游戏合集',-1,-1,'7613770@qq.com',NULL,1,'2024-02-14 09:15:25','2024-02-14 09:15:25',1),('a9d25be9754c7b5391e16d3f7758ff12',33,'短文爽剧合集71部',-1,-1,'qq1341115656.3@gmail.com',NULL,1,'2024-02-15 19:40:53','2024-02-15 19:40:53',1),('aa07a43b585510d3ca2ab97f5f64faa0',18,'Tiktok破解版',2,2,'749062870@qq.com',NULL,2,'2024-01-13 09:07:25','2024-01-13 09:17:26',1),('aa8b4f371b4fb519596ae54f17cbe8f0',32,'成人网站–无需翻墙',-1,-1,'80988082@qq.com',NULL,1,'2024-02-03 16:16:45','2024-02-03 16:16:45',1),('abb4ed81a815f396f6398f7a2806fd8f',26,'Telegram特价号',2,2,'749062870@qq.com','96',2,'2024-01-01 19:56:48','2024-01-01 20:06:49',1),('abbca6c9171f0d1d5dc1bd4f1949f036',32,'成人网站–无需翻墙',-1,-1,'hujihao696@gmail.com',NULL,1,'2024-02-11 18:17:40','2024-02-11 18:17:40',1),('aca6743efda2069361afa37423d8b438',18,'Tiktok破解版',2,2,'2359264538@qq.com',NULL,2,'2024-02-20 15:55:05','2024-02-20 16:05:05',1),('ae194de8e4c2f1353b967721fe2cfd43',11,'视频+聊天记录',20,20,'749062870@qq.com',NULL,2,'2024-03-01 09:55:51','2024-03-01 10:05:51',1),('ae232b95a9dc10249ab34574a687592c',35,'破解游戏合集',-1,-1,'law131420@gmail.com',NULL,1,'2024-02-05 02:04:02','2024-02-05 02:04:02',1),('ae2eed2737263de4e2e6f549f3f925de',32,'成人网站–无需翻墙',-1,-1,'749062870@qq.com',NULL,1,'2024-01-24 12:56:52','2024-01-24 12:56:52',1),('ae60d11b5a032c6f4ea79427a644ec38',35,'破解游戏合集',-1,-1,'2728883820@qq.com',NULL,1,'2024-02-01 21:43:49','2024-02-01 21:43:49',1),('ae9f5890b9becc606be4048fa5d7b3b4',32,'成人网站–无需翻墙',-1,-1,'2028281768@qq.com',NULL,1,'2024-01-25 00:02:58','2024-01-25 00:02:58',1),('aea6ab0810bd7ea3a90ad5676e116aaf',32,'成人网站–无需翻墙',-1,-1,'cwj3141523261@163.com',NULL,1,'2024-02-16 16:27:17','2024-02-16 16:27:17',1),('af1695c40d2455b9ff45a21356d2bd1f',13,'无限1',1,1,'749062870@qq.com',NULL,1,'2023-12-28 23:12:34','2023-12-28 23:12:51',1),('b0b468740e67f87930b0dc3b8e78a8a1',35,'破解游戏合集',-1,-1,'1103797908@qq.com',NULL,1,'2024-02-16 05:51:15','2024-02-16 05:51:15',1),('b1c7bd88fc85af27a7ccf7b1192d67de',32,'成人网站–无需翻墙',-1,-1,'1103797908@qq.com',NULL,1,'2024-02-16 05:51:48','2024-02-16 05:51:48',1),('b1d41526f25768920208df644e32b34e',35,'破解游戏合集',-1,-1,'1593984816@qq.com',NULL,1,'2024-02-11 06:46:26','2024-02-11 06:46:26',1),('b232f1263abb3cabc014dbffaedd3225',35,'破解游戏合集',-1,-1,'2756075295@qq.com',NULL,1,'2024-02-13 17:42:24','2024-02-13 17:42:24',1),('b2763b9f144d858d90d1f78b1ea87bfd',33,'短文爽剧合集71部',-1,-1,'2965764510@qq.com',NULL,1,'2024-02-21 02:03:07','2024-02-21 02:03:07',1),('b2b5dc6d3fe6aad34ea31d2fc9a04882',35,'破解游戏合集',-1,-1,'3573925832@163.com',NULL,1,'2024-02-13 01:02:09','2024-02-13 01:02:09',1),('b2e0a604056ce284408e88b1c8e1dbdc',32,'成人网站–无需翻墙',-1,-1,'2097188024@qq.com',NULL,1,'2024-02-08 22:11:00','2024-02-08 22:11:00',1),('b2f06e7ac1e955b64b3e4488ffa57686',15,'Twitter全新号',10,10,'2262879614@qq.com','116',2,'2024-02-06 22:19:59','2024-02-06 22:29:59',1),('b4b05d25f5d3fedcc69b32dab1abf922',32,'成人网站–无需翻墙',-1,-1,'1950644779@qq.com',NULL,1,'2024-02-08 15:23:20','2024-02-08 15:23:20',1),('b51faf0eb2c263b4db1a83c603b81bb4',29,'Twitter',1,1,'2335364633@qq.com',NULL,2,'2024-02-10 23:47:49','2024-02-10 23:57:50',1),('b55bef3bfd4ee94b1e33a80eccf3146f',35,'破解游戏合集',-1,-1,'405926793@qq.com',NULL,1,'2024-01-27 00:55:38','2024-01-27 00:55:38',1),('b5f27927319f2bea312c61e4ab66d4a9',32,'成人网站–无需翻墙',-1,-1,'438522059@qq.com',NULL,1,'2024-02-22 06:38:51','2024-02-22 06:38:51',1),('b61a725d0dc99b07a277a49b4f7fee75',16,'300部短文爽剧合集',5,5,'749062870@qq.com',NULL,2,'2024-01-15 14:11:15','2024-01-15 14:21:15',1),('b744800ee8a79fadb77a2d9da00e5014',33,'短文爽剧合集71部',-1,-1,'871474127@qq.com',NULL,1,'2024-02-14 20:51:03','2024-02-14 20:51:03',1),('b76125716ed9cd315f79b94865e521d7',32,'成人网站–无需翻墙',-1,-1,'wangshenfu2022@163.com',NULL,1,'2024-02-22 13:02:30','2024-02-22 13:02:30',1),('b8be88ce461057728c5bb7d5ce9a5efd',31,'高质量网站–需翻墙',5,5,'1958386564@qq.com',NULL,2,'2024-02-15 23:59:48','2024-02-16 00:09:49',1),('b8e02902a551ef0af31e28fe4810e28a',35,'破解游戏合集',-1,-1,'1195602562@qq.com',NULL,1,'2024-01-27 00:24:27','2024-01-27 00:24:27',1),('b92f99e4ae524b497e04ac664df60233',32,'成人网站–无需翻墙',-1,-1,'1306225061@qq.com',NULL,1,'2024-02-15 00:02:30','2024-02-15 00:02:30',1),('b949d70520b7ed1f6aed2b9ed3801a07',33,'短文爽剧合集71部',-1,-1,'850453617@qq.com',NULL,1,'2024-01-24 11:00:13','2024-01-24 11:00:13',1),('bb15be30d77a5c742376f0ccb56f585b',35,'破解游戏合集',-1,-1,'1484740538@qq.com',NULL,1,'2024-01-24 23:52:20','2024-01-24 23:52:20',1),('bb80c24f3175593f8f0276f819eedac9',20,'100G高速流量',20,20,'749062870@qq.com',NULL,2,'2024-01-12 17:15:52','2024-01-12 17:25:53',1),('bbcd1930d7dfc4cd46ff8d96ca13a748',18,'Tiktok破解版',2,2,'749062870@qq.com',NULL,1,'2023-12-31 17:18:01','2023-12-31 17:18:21',1),('bcac07b0518e29f05020a1662a8e9d7f',32,'成人网站–无需翻墙',-1,-1,'749062870@qq.com',NULL,1,'2024-01-21 17:41:22','2024-01-21 17:41:22',1),('bce32bd6ff218f9e5c20547eb9b7b75a',35,'破解游戏合集',-1,-1,'3419396721@qq.com',NULL,1,'2024-02-14 23:48:39','2024-02-14 23:48:39',1),('beacb3b53450263f07f990083cef1cd9',35,'破解游戏合集',-1,-1,'1245807732@qq.com',NULL,1,'2024-01-27 14:57:38','2024-01-27 14:57:38',1),('bef23a2a97e771ab034365e93500333c',35,'破解游戏合集',-1,-1,'1401765849@qq.com',NULL,1,'2024-02-16 04:43:18','2024-02-16 04:43:18',1),('beffc9410ac36c0c5c35186e03362892',35,'破解游戏合集',-1,-1,'2028281768@qq.com',NULL,1,'2024-01-25 00:03:50','2024-01-25 00:03:50',1),('bf5a712911c2ce48a37315314bf1a6ef',32,'成人网站–无需翻墙',-1,-1,'3237776544@qq.com',NULL,1,'2024-01-22 17:06:35','2024-01-22 17:06:35',1),('bf7b2efa6c9506bd7a49a7dfc7efea48',32,'成人网站–无需翻墙',-1,-1,'2443263257@qq.com',NULL,1,'2024-02-10 22:03:04','2024-02-10 22:03:04',1),('bff4838bae8fceb5d48054864c25aad6',15,'Twitter全新号',10,10,'wiwiwjj@qq.com','93',2,'2024-01-27 15:20:37','2024-01-27 15:30:37',1),('c06039121be53c1ff998a0cb854239f1',35,'破解游戏合集',-1,-1,'cctv666@linshiyou.com',NULL,1,'2024-02-05 22:42:08','2024-02-05 22:42:08',1),('c06bbc443a54cec33db0316152be97ba',35,'破解游戏合集',-1,-1,'692914597@qq.com',NULL,1,'2024-02-06 19:54:36','2024-02-06 19:54:36',1),('c0a6439fe8cd5c5df556abdcf420612f',32,'成人网站–无需翻墙',-1,-1,'3255943612@qq.com',NULL,1,'2024-02-01 22:41:38','2024-02-01 22:41:38',1),('c0fd602734432cad448762f014b63194',31,'高质量网站–需翻墙',5,5,'73232@qq.com',NULL,2,'2024-02-18 19:27:12','2024-02-18 19:37:12',1),('c155a881f29524c70d3ee0257a98a67f',35,'破解游戏合集',-1,-1,'gdlifanghua@126.com',NULL,1,'2024-02-16 00:56:18','2024-02-16 00:56:18',1),('c1e70fdf79ff0bb1b97f71f5f436195b',35,'破解游戏合集',-1,-1,'2423375330@qq.com',NULL,1,'2024-02-01 13:30:27','2024-02-01 13:30:27',1),('c281e04f5f32e671797a09c7abf85439',35,'破解游戏合集',-1,-1,'438522059@qq.com',NULL,1,'2024-02-21 03:17:42','2024-02-21 03:17:42',1),('c34495792f15160b37c308e0aaf33903',32,'成人网站–无需翻墙',-1,-1,'155074130@qq.com',NULL,1,'2024-02-09 04:49:32','2024-02-09 04:49:32',1),('c38e1705b37eda92a50213d87fca9fc7',32,'成人网站–无需翻墙',-1,-1,'2290762337@qq.com',NULL,1,'2024-02-17 16:51:17','2024-02-17 16:51:17',1),('c3b2f4a60c4dc2d419cd2f9d48b5d202',33,'短文爽剧合集71部',-1,-1,'a9125023@gmail.com',NULL,1,'2024-01-28 21:11:44','2024-01-28 21:11:44',1),('c4da1c0bec31896ad496940c6c043239',16,'300部短文爽剧合集',5,5,'749062870@qq.com',NULL,2,'2024-01-12 12:58:39','2024-01-12 13:08:39',1),('c4f0d5c9ee018a89b186f8313f8329cb',32,'成人网站–无需翻墙',-1,-1,'hyhng13529952293@126.co',NULL,1,'2024-01-24 23:40:22','2024-01-24 23:40:22',1),('c569bdebefeeb7405c2fae858e659ddd',35,'破解游戏合集',-1,-1,'linwuyayyds@gamil.com',NULL,1,'2024-01-29 16:03:56','2024-01-29 16:03:56',1),('c6816a4ba68827fc2fa2fc1fd40670e8',32,'成人网站–无需翻墙',-1,-1,'742709283@qq.com',NULL,1,'2024-02-07 04:14:48','2024-02-07 04:14:48',1),('c685c2c671eaf8318b1739b2f148f408',31,'高质量网站–需翻墙',5,5,'2290762337@qq.com',NULL,2,'2024-02-17 18:04:28','2024-02-17 18:14:29',1),('c7675ca78318117d7cd4f8c309ef82aa',21,'188G高速流量',30,30,'749062870@qq.com',NULL,2,'2023-12-31 19:45:12','2023-12-31 19:55:12',1),('c79c385b05600436b229429cc99f30ce',25,'Android免费VPN',20,20,'749062870@qq.com',NULL,2,'2024-01-03 00:15:10','2024-01-03 00:25:10',1),('c8612baf035018b5d85e5f1e34081fcb',33,'短文爽剧合集71部',-1,-1,'692914597@qq.com',NULL,1,'2024-02-06 19:54:57','2024-02-06 19:54:57',1),('c874f8f36f8c9a29d31448b0ab8402d0',32,'成人网站–无需翻墙',-1,-1,'438522059@qq.com',NULL,1,'2024-02-21 03:16:28','2024-02-21 03:16:28',1),('c892c3e00aa25560ef910c4048aae103',33,'短文爽剧合集71部',-1,-1,'2484911329@qq.com',NULL,1,'2024-02-19 17:28:11','2024-02-19 17:28:11',1),('c89bf71d3ada2dac0e8f07d57ea69e0a',11,'测试产品',1,1,'ghostdemog@gmail.com','81',1,'2023-12-29 22:26:47','2023-12-29 22:27:27',1),('c919c7ca5188f07bb776475dfb410454',32,'成人网站–无需翻墙',-1,-1,'1626556188@qq.com',NULL,1,'2024-02-21 20:33:40','2024-02-21 20:33:40',1),('cb385c6db6ba0263aa27ba01d4b8c780',32,'成人网站–无需翻墙',-1,-1,'2380191436@qq.com',NULL,1,'2024-01-27 05:01:52','2024-01-27 05:01:52',1),('cb6b389a2874ba17c26844689238db92',32,'成人网站–无需翻墙',-1,-1,'mevjom@youxiang.dev',NULL,1,'2024-02-18 21:26:17','2024-02-18 21:26:17',1),('cbbb7a6a2483cc6c1331b401d7da72d4',35,'破解游戏合集',-1,-1,'2439663297@qq.com',NULL,1,'2024-02-19 03:30:35','2024-02-19 03:30:35',1),('cccf5579473f3097e5fdc9b533e386a9',35,'破解游戏合集',-1,-1,'3084664019@qq.com',NULL,1,'2024-02-12 01:59:04','2024-02-12 01:59:04',1),('ccf2a73394bfa480b11ca648f59b5362',32,'成人网站–无需翻墙',-1,-1,'749062870@qq.com',NULL,1,'2024-01-21 17:21:17','2024-01-21 17:21:17',1),('cd9a067401f93624edb56031b616a007',32,'成人网站–无需翻墙',-1,-1,'77710147@163.com',NULL,1,'2024-02-05 00:51:31','2024-02-05 00:51:31',1),('cdba6723ac24fe3b1f0de8c402f07970',11,'视频+聊天记录',20,20,'3613569829@qq.com',NULL,2,'2024-03-06 00:57:42','2024-03-06 01:07:42',1),('cdf2f6b80906a1849aa77aa336e0c239',32,'成人网站–无需翻墙',-1,-1,'2211091828@qq.com',NULL,1,'2024-02-25 02:01:16','2024-02-25 02:01:16',1),('cf4ae2c5bdd7536a24611aa6b21ef933',28,'长期高速代理',10,10,'749062870@qq.com',NULL,2,'2024-01-17 09:15:14','2024-01-17 09:25:14',1),('cfc61df4576af6a09e9a2e490e373e78',32,'成人网站–无需翻墙',-1,-1,'3238190389@qq.com',NULL,1,'2024-01-22 08:32:52','2024-01-22 08:32:52',1),('d006e5b9be1e8696c6ed61025eb51623',32,'成人网站–无需翻墙',-1,-1,'linwuyayyds@gmail.com',NULL,1,'2024-01-29 16:04:08','2024-01-29 16:04:08',1),('d0e4ddd7553293df655ffe39355b0c43',35,'破解游戏合集',-1,-1,'2399634372@qq.com',NULL,1,'2024-01-30 05:38:02','2024-01-30 05:38:02',1),('d0ee90a80dcba356fd94f812359dcda8',35,'破解游戏合集',-1,-1,'749062870@qq.com',NULL,1,'2024-03-05 16:26:14','2024-03-05 16:26:14',1),('d109ccda3aebe243bfbc4dcf219c55c0',15,'Twitter全新号',10,10,'2262879614@qq.com','93',2,'2024-02-06 22:19:20','2024-02-06 22:29:20',1),('d268f4ff1ca375bc087ab63cb47ed3ae',20,'100G高速流量',20,20,'749062870@qq.com',NULL,2,'2024-01-10 12:26:27','2024-01-10 12:36:28',1),('d2c30a1ebd34fb5a64802c004cfc2bae',32,'成人网站–无需翻墙',-1,-1,'871474127@qq.com',NULL,1,'2024-02-14 20:50:42','2024-02-14 20:50:42',1),('d324cad74e5a1c603a1b1d52701a759d',18,'Tiktok破解版',2,2,'749062870@qq.com',NULL,2,'2024-01-03 00:13:48','2024-01-03 00:23:48',1),('d37b55cc6096d8326d827c74bfaa247f',32,'成人网站–无需翻墙',-1,-1,'601981445@qq.com',NULL,1,'2024-02-12 09:19:46','2024-02-12 09:19:46',1),('d399a35e276b4ff4d14bc5f46fcdae5d',33,'短文爽剧合集71部',-1,-1,'1245087732@qq.com',NULL,1,'2024-01-27 14:57:53','2024-01-27 14:57:53',1),('d403222acd139b0b22cd7238174a056b',32,'成人网站–无需翻墙',-1,-1,'749062870@qq.com',NULL,1,'2024-01-22 22:32:15','2024-01-22 22:32:15',1),('d4501b087c7b8feeb4fcdf6dbdb4aa1d',18,'Tiktok破解版',2,2,'749062870@qq.com',NULL,2,'2024-01-01 08:24:58','2024-01-01 08:34:58',1),('d4508e775f961c767b07a71d16878b8d',32,'成人网站–无需翻墙',-1,-1,'cwj3141523261@163.com',NULL,1,'2024-02-16 16:27:43','2024-02-16 16:27:43',1),('d477127e8d7db614458c2d5b73014021',32,'成人网站–无需翻墙',-1,-1,'2535204499@qq.com',NULL,1,'2024-02-22 04:35:23','2024-02-22 04:35:23',1),('d47fbb3364700d797ddf383c4c12091c',32,'成人网站–无需翻墙',-1,-1,'695075389@qq.com',NULL,1,'2024-02-07 16:00:27','2024-02-07 16:00:27',1),('d573d9f4ac8830720a9817d91580023f',32,'成人网站–无需翻墙',-1,-1,'vipauc@163.com',NULL,1,'2024-02-11 03:10:03','2024-02-11 03:10:03',1),('d5ff61526bcef91d6afc224f4da59d2b',35,'破解游戏合集',-1,-1,'1607989479@qq.com',NULL,1,'2024-02-17 21:28:23','2024-02-17 21:28:23',1),('d66054d2c5ab4d0417260e5fc0116482',32,'成人网站–无需翻墙',-1,-1,'3263355433@qq.com',NULL,1,'2024-02-01 01:09:56','2024-02-01 01:09:56',1),('d6a1948120e54614881428a2b69fc2bf',32,'成人网站–无需翻墙',-1,-1,'8699808@gmail.com',NULL,1,'2024-02-10 17:32:41','2024-02-10 17:32:41',1),('d7782c95842440d2223f13297ae13626',33,'短文爽剧合集71部',-1,-1,'2860308076@qq.com',NULL,1,'2024-02-04 12:11:36','2024-02-04 12:11:36',1),('d77bc07b34c5ec309723beeb11f4596b',32,'成人网站–无需翻墙',-1,-1,'ws98709@163.com',NULL,1,'2024-02-12 16:43:39','2024-02-12 16:43:39',1),('d8dfe0bf7e5bc7aee5c006004e7b8553',35,'破解游戏合集',-1,-1,'zhihaodeng885@gmail.com',NULL,1,'2024-01-24 23:03:19','2024-01-24 23:03:19',1),('d945cb22e23b760ad55b32b8ef816815',32,'成人网站–无需翻墙',-1,-1,'2538212148lis@gmail.com',NULL,1,'2024-02-13 11:55:57','2024-02-13 11:55:57',1),('d9cc1896799f50a4729adb640618773f',32,'成人网站–无需翻墙',-1,-1,'977443403@qq.com',NULL,1,'2024-01-23 22:08:35','2024-01-23 22:08:35',1),('da07954ddd7c87b85585c10aa1014f13',16,'300部短文爽剧合集',5,5,'34575376@qq.com',NULL,2,'2023-12-29 22:40:28','2023-12-29 22:46:29',1),('da593ec3fcdd277850884e279a791174',35,'破解游戏合集',-1,-1,'1753233880@qq.com',NULL,1,'2024-02-08 21:11:59','2024-02-08 21:11:59',1),('da5f31f13efd832a52637c922df18b8a',32,'成人网站–无需翻墙',-1,-1,'2396007475@qq.com',NULL,1,'2024-02-16 00:51:37','2024-02-16 00:51:37',1),('da9cf12047581b5c711b313ed3a6ce1c',33,'短文爽剧合集71部',-1,-1,'3441806814@qq.com',NULL,1,'2024-02-03 23:21:23','2024-02-03 23:21:23',1),('daf6a2cb5b23a5f8de6800ef7d795267',35,'破解游戏合集',-1,-1,'1043443559@qq.com',NULL,1,'2024-02-18 11:51:08','2024-02-18 11:51:08',1),('daf7359d22a494c4ea7e8299e1e86588',32,'成人网站–无需翻墙',-1,-1,'869057235@qq.com',NULL,1,'2024-02-06 08:56:26','2024-02-06 08:56:26',1),('dbfd1bc0bcc1c108449027bf4a9939df',32,'成人网站–无需翻墙',-1,-1,'915483599@qq.con',NULL,1,'2024-01-25 01:01:28','2024-01-25 01:01:28',1),('dcd5ff402af6f1e25799f56af624fdc1',32,'成人网站–无需翻墙',-1,-1,'1447483231@qq.com',NULL,1,'2024-02-06 01:55:15','2024-02-06 01:55:15',1),('de6d99b7565d5123a93bc655d0cca94b',33,'短文爽剧合集71部',-1,-1,'944031684@qq.com',NULL,1,'2024-02-12 02:24:58','2024-02-12 02:24:58',1),('de76f6698e68cc6369d1a02cdba7d2d5',32,'成人网站–无需翻墙',-1,-1,'179183786@qq.com',NULL,1,'2024-01-31 11:56:46','2024-01-31 11:56:46',1),('df01db1195743befa089d9cfbe2892f3',32,'成人网站–无需翻墙',-1,-1,'1966533875@qq.com',NULL,1,'2024-02-24 00:08:54','2024-02-24 00:08:54',1),('df691f21e03d2ca7808abd76134fc2c5',32,'成人网站–无需翻墙',-1,-1,'2196251556@qq.com',NULL,1,'2024-02-23 16:26:21','2024-02-23 16:26:21',1),('df763053a14d6040cf347e36b2fb2139',35,'破解游戏合集',-1,-1,'804344897@qq.com',NULL,1,'2024-02-05 17:53:27','2024-02-05 17:53:27',1),('e0f602b0f0d128ecbfbcc0f3e0306bab',32,'成人网站–无需翻墙',-1,-1,'732325161@qq.com',NULL,1,'2024-02-18 19:28:23','2024-02-18 19:28:23',1),('e2eb1ff2af5a62b1ff04d631bdf21e5d',11,'测试产品',1,1,'2606816118@qq.com','81',2,'2023-12-29 21:31:50','2023-12-29 21:37:50',1),('e37d144361f1285a589d143c7376e134',35,'破解游戏合集',-1,-1,'wangshaobo1202@163.com',NULL,1,'2024-02-08 00:30:08','2024-02-08 00:30:08',1),('e37eaf1f193ab5a07cf326df1e670d32',32,'成人网站–无需翻墙',-1,-1,'2768166329@qq.com',NULL,1,'2024-02-13 02:35:58','2024-02-13 02:35:58',1),('e43a43d4caf4067331a011826de1addf',32,'成人网站–无需翻墙',-1,-1,'1351121312@qq.com',NULL,1,'2024-03-06 09:39:44','2024-03-06 09:39:44',1),('e441a1cda3a35101fe220fcd1416bda8',35,'破解游戏合集',-1,-1,'9996270@qq.com',NULL,1,'2024-01-29 03:43:00','2024-01-29 03:43:00',1),('e4bbbb18f94264bc0277565a801281a0',32,'成人网站–无需翻墙',-1,-1,'507907331@qq.com',NULL,1,'2024-02-19 08:07:26','2024-02-19 08:07:26',1),('e5cb626aee10586c002f49652d2a1233',32,'成人网站–无需翻墙',-1,-1,'438522059@qq.com',NULL,1,'2024-02-21 03:16:56','2024-02-21 03:16:56',1),('e5d78eb82bf818e66acd87871d5e9978',32,'成人网站–无需翻墙',-1,-1,'18846232223@163.com',NULL,1,'2024-02-14 16:21:43','2024-02-14 16:21:43',1),('e684ebe196b2d8cbb8db7ace63583582',32,'成人网站–无需翻墙',-1,-1,'lihanhao2chat@proton.me',NULL,1,'2024-02-28 22:01:06','2024-02-28 22:01:06',1),('e793403a6616c5d8d0ea673a47a82268',32,'成人网站–无需翻墙',-1,-1,'1991944338@qq.com',NULL,1,'2024-02-24 18:42:57','2024-02-24 18:42:57',1),('e8313cfd286cb1ac7fb595890676a0cc',15,'Twitter全新号',10,10,'749062870@qq.com','116',2,'2024-02-14 11:57:29','2024-02-14 12:07:30',1),('e85510100823ada7d71885aa717a16d4',35,'破解游戏合集',-1,-1,'1414237162@qq.com',NULL,1,'2024-03-05 09:06:56','2024-03-05 09:06:56',1),('e92e2fc4114508a236d0a2e188a78936',11,'测试产品',1,4,'749062870@qq.com','87:88:89:90',1,'2023-12-28 23:12:10','2023-12-28 23:12:22',4),('e977f51f96d98006913c82ee6f1abced',32,'成人网站–无需翻墙',-1,-1,'2473818672@qq.com',NULL,1,'2024-02-10 15:06:51','2024-02-10 15:06:51',1),('e9e001bfaf1322a463740719f59c0a89',35,'破解游戏合集',-1,-1,'heikeyyh@gmail.com',NULL,1,'2024-01-29 07:35:11','2024-01-29 07:35:11',1),('e9f6c8f26f230d635012660ef1bdd806',31,'高质量网站–需翻墙',5,5,'2380191436@qq.com',NULL,2,'2024-01-27 05:00:57','2024-01-27 05:10:57',1),('ea5f633b74386383572498ae6bd7e799',28,'每日更新',1,1,'749062870@qq.com',NULL,1,'2024-01-12 13:52:32','2024-01-12 13:53:10',1),('eaa32c726718479c05acdcb2d2df4593',32,'成人网站–无需翻墙',-1,-1,'1163997880@qq.com',NULL,1,'2024-02-05 01:20:07','2024-02-05 01:20:07',1),('eadb9b2937216e7712d6d7ddc189795c',32,'成人网站–无需翻墙',-1,-1,'fxf20070819@qq.com',NULL,1,'2024-01-25 12:03:21','2024-01-25 12:03:21',1),('eaeb6b6ceaa249d1f950fb658cf52f6b',32,'成人网站–无需翻墙',-1,-1,'780667385@qq.com',NULL,1,'2024-02-17 16:50:27','2024-02-17 16:50:27',1),('ec2f9d13d2eddea5e15817d64da0832f',21,'188G高速流量',30,30,'749062870@qq.com',NULL,2,'2023-12-31 19:46:02','2023-12-31 19:56:02',1),('ec5b221f36542f025aa3e1f27371fb57',32,'成人网站–无需翻墙',-1,-1,'2562535760@qq.com',NULL,1,'2024-02-24 13:36:06','2024-02-24 13:36:06',1),('ecd9536abc3eea00d23c070bed4df005',32,'成人网站–无需翻墙',-1,-1,'761426092@qq.com',NULL,1,'2024-02-18 14:44:29','2024-02-18 14:44:29',1),('ed0f3368c9e3ee5497d75440dce87746',32,'成人网站–无需翻墙',-1,-1,'kenny0289@163.com',NULL,1,'2024-01-28 16:23:06','2024-01-28 16:23:06',1),('ed57912fb88ed795cdf4a80c3b788cbc',32,'成人网站–无需翻墙',-1,-1,'13072777336@wo.cn',NULL,1,'2024-01-25 23:53:21','2024-01-25 23:53:21',1),('ee02108f949ed1de1cdbc996b354d0d7',32,'成人网站–无需翻墙',-1,-1,'123456@qq.com',NULL,1,'2024-01-29 07:58:18','2024-01-29 07:58:18',1),('ee2744a3badc71b20185e52050966a10',35,'破解游戏合集',-1,-1,'3230427904@qq.com',NULL,1,'2024-02-19 00:00:21','2024-02-19 00:00:21',1),('ee320d15c2873f3a2b935401d6977f32',32,'成人网站–无需翻墙',-1,-1,'gdlifanghua@126.com',NULL,1,'2024-02-16 00:56:47','2024-02-16 00:56:47',1),('ee835f4507fce166bd8b04cdef830576',28,'每日更新',1,1,'749062870@qq.com',NULL,1,'2024-01-08 17:52:16','2024-01-08 17:52:56',1),('ef1cd82fe732cd604a6086426dace208',33,'短文爽剧合集71部',-1,-1,'49558949@qq.com',NULL,1,'2024-02-01 02:40:48','2024-02-01 02:40:48',1),('efa1e1ef0ed3109f2d9911e62aa199dc',17,'200部短文爽剧',4,4,'749062870@qq.com',NULL,2,'2023-12-31 20:00:28','2023-12-31 20:10:29',1),('eff2c1949c4324beac6a3ab99d288fe0',32,'成人网站–无需翻墙',-1,-1,'3365729873@qq.com',NULL,1,'2024-02-09 01:09:25','2024-02-09 01:09:25',1),('f05645056b0ac2ba7ee9b4dd1e5df795',32,'成人网站–无需翻墙',-1,-1,'877078678@qq.com',NULL,1,'2024-01-30 01:18:45','2024-01-30 01:18:45',1),('f0d792fcfc460c8802b6c971d363c36c',32,'成人网站–无需翻墙',-1,-1,'11@11.pp',NULL,1,'2024-01-21 20:34:12','2024-01-21 20:34:12',1),('f0e2f09f9816ac5f4cb85c767b33ee1d',32,'成人网站–无需翻墙',-1,-1,'2470635431@qq.com',NULL,1,'2024-02-21 03:32:19','2024-02-21 03:32:19',1),('f170c6c017d8afdd19126d869658b88a',32,'成人网站–无需翻墙',-1,-1,'1736828791@qq.com',NULL,1,'2024-02-13 22:42:34','2024-02-13 22:42:34',1),('f1f4120fa4d3c977515fd36ae8a11e47',33,'短文爽剧合集71部',-1,-1,'77710147@163.com',NULL,1,'2024-02-05 00:51:49','2024-02-05 00:51:49',1),('f2040fa1a07da5b50b806c943188e9b5',25,'Android免费VPN',20,20,'749062870@qq.com',NULL,2,'2023-12-30 18:03:27','2023-12-30 18:09:28',1),('f29931504027b3e8aea99e3e210d6d53',15,'Twitter全新号',10,10,'1336354602@qq.com','93',2,'2024-02-06 00:41:18','2024-02-06 00:51:18',1),('f2a4d69024fd21eea8d125dafbf2f9a4',32,'成人网站–无需翻墙',-1,-1,'1276743897@qq.com',NULL,1,'2024-01-27 04:02:03','2024-01-27 04:02:03',1),('f41c09aa287745d40ada47e5b0658113',26,'美国号',5,5,'1272988122@qq.com','104',2,'2024-01-18 22:20:59','2024-01-18 22:30:59',1),('f4386b5f25b723ae6eac30233855347d',32,'成人网站–无需翻墙',-1,-1,'bbhh@qq.com',NULL,1,'2024-03-05 10:10:45','2024-03-05 10:10:45',1),('f4dc5d99e076ec4beaaf32987eb28c7b',28,'每日更新',1,1,'749062870@qq.com',NULL,1,'2024-01-08 17:50:00','2024-01-08 17:50:32',1),('f4e2c1dce427d1f6d7a1c78848a598a0',18,'Tiktok破解版',2,2,'749062870@qq.com',NULL,1,'2023-12-31 16:46:14','2023-12-31 16:46:40',1),('f4ef78ec03233cc20b8c9a334e9321bb',20,'100G高速流量',20,20,'15986564797@163.com',NULL,2,'2024-02-08 03:49:54','2024-02-08 03:59:55',1),('f4fa0ad05e7dfabb39655540e2531345',33,'短文爽剧合集71部',-1,-1,'1794183786@qq.com',NULL,1,'2024-01-31 11:57:10','2024-01-31 11:57:10',1),('f4ffeb34ecee44195b3f4b48e4a78088',33,'短文爽剧合集71部',-1,-1,'3303268897@qq.com',NULL,1,'2024-02-18 11:29:02','2024-02-18 11:29:02',1),('f517b485f37b06c61badc9e699645264',28,'每日更新',1,1,'749062870@qq.com',NULL,2,'2024-01-08 17:58:56','2024-01-08 18:08:57',1),('f580c6eb65f992e192c1c92548e7f8b0',18,'Tiktok破解版',2,2,'777',NULL,2,'2023-12-30 01:18:18','2023-12-30 01:24:19',1),('f62fb51164a08c53f6735bd26ed0d1aa',13,'无限1',1,1,'749062870@qq.com',NULL,1,'2023-12-29 18:04:04','2023-12-29 18:04:35',1),('f6cef584f517e1d10b437d3a5bbcc088',16,'300部短文爽剧合集',5,5,'749062870@qq.com',NULL,2,'2024-01-20 21:24:21','2024-01-20 21:34:21',1),('f72a6c60cd09004e9259c965c5696777',33,'短文爽剧合集71部',-1,-1,'7613770@qq.com',NULL,1,'2024-02-14 09:15:48','2024-02-14 09:15:48',1),('f9c47e4432eb0194079fb49beb6780da',18,'Tiktok破解版',2,2,'749062870@qq.com',NULL,1,'2024-01-08 16:24:59','2024-01-08 16:25:31',1),('f9eaf0992bc2e202103c0ba2129b5929',20,'100G高速流量',20,20,'749062870@qq.com',NULL,2,'2023-12-31 19:49:25','2023-12-31 19:59:26',1),('f9f64082bb961880cf1dd0067078a3d2',20,'100G高速流量',20,20,'749062870@qq.com',NULL,2,'2024-01-02 16:37:19','2024-01-02 16:47:19',1),('fa403f3310fb2a10d623577bda372e36',11,'测试产品',1,3,'749062870@qq.com','79:80:81',2,'2023-12-29 18:07:19','2023-12-29 18:13:19',3),('fa792c3e03739b9d781b28c58a2cfb6b',32,'成人网站–无需翻墙',-1,-1,'2934036628@qq.com',NULL,1,'2024-03-02 02:09:17','2024-03-02 02:09:17',1),('fab377dbe0bb1e9c85a2ab30f1e8efaa',35,'破解游戏合集',-1,-1,'sunhuanwhy@gmail.com',NULL,1,'2024-02-07 22:02:31','2024-02-07 22:02:31',1),('fad304338729a549f8a8665d7d7339c1',33,'短文爽剧合集71部',-1,-1,'1306096128@qq.com',NULL,1,'2024-02-06 22:50:12','2024-02-06 22:50:12',1),('fba156decda6a42efeb54a6ba0bf320a',32,'成人网站–无需翻墙',-1,-1,'x2625464350@163.com',NULL,1,'2024-01-21 22:46:33','2024-01-21 22:46:33',1),('fbdbc332b91e87d25714b80b90c3b9f9',31,'高质量网站–需翻墙',5,5,'277456755@qq.com',NULL,2,'2024-01-28 10:21:29','2024-01-28 10:31:29',1),('fbe807fc2526847b3534e0d1e5e0ad0a',20,'100G高速流量',20,20,'749062870@qq.com',NULL,2,'2024-01-06 10:50:32','2024-01-06 11:00:33',1),('fc11ce21058602db7d3b6861dbadce38',32,'成人网站–无需翻墙',-1,-1,'913274258@qq.com',NULL,1,'2024-01-25 11:20:13','2024-01-25 11:20:13',1),('fc31c161e8e0d77f5b59451e9d6a656b',16,'300部短文爽剧合集',5,5,'749062870@qq.com',NULL,2,'2024-01-20 21:28:45','2024-01-20 21:38:45',1),('fc939eba7be4550658281d7a7fdf5b51',16,'300部短文爽剧合集',5,5,'749062870@qq.com',NULL,2,'2024-01-03 01:22:52','2024-01-03 01:32:52',1),('fcae04bfb3603be2bee49804e938f40a',32,'成人网站–无需翻墙',-1,-1,'203610006@qq.com',NULL,1,'2024-02-01 21:13:12','2024-02-01 21:13:12',1),('fcd07ae72986256bca6dc671bf047d47',32,'成人网站–无需翻墙',-1,-1,'9996270@qq.com',NULL,1,'2024-01-29 03:43:23','2024-01-29 03:43:23',1),('fd2ff5be7a29a974b97dace99a5b9558',33,'短文爽剧合集71部',-1,-1,'linwuyayyds@gmail.com',NULL,1,'2024-01-29 16:04:52','2024-01-29 16:04:52',1),('fd324d08db62d3387526da54703386f0',32,'成人网站–无需翻墙',-1,-1,'w13225826857@outlook.com',NULL,1,'2024-02-10 10:20:34','2024-02-10 10:20:34',1),('fd805bd54292d74ff032990543e2929c',11,'测试产品',1,10,'749062870@qq.com','77:78:79:80:81:82:83:84:85:86',2,'2023-12-28 23:11:47','2023-12-28 23:17:47',10),('fdc1101155215a44d2906a3241964a52',33,'短文爽剧合集71部',-1,-1,'1447483231@qq.com',NULL,1,'2024-02-06 01:55:41','2024-02-06 01:55:41',1),('ff728f8e74ad0d26b63dc64d30820401',35,'破解游戏合集',-1,-1,'1042810200@qq.com',NULL,1,'2024-01-23 22:34:29','2024-01-23 22:34:29',1),('ff96f71f19d5e816a551bad95eab45d0',32,'成人网站–无需翻墙',-1,-1,'17606504239@163.com',NULL,1,'2024-02-17 00:12:38','2024-02-17 00:12:38',1);
/*!40000 ALTER TABLE `order` ENABLE KEYS */;
UNLOCK TABLES;

--
-- Table structure for table `product`
--

DROP TABLE IF EXISTS `product`;
/*!40101 SET @saved_cs_client     = @@character_set_client */;
/*!40101 SET character_set_client = utf8 */;
CREATE TABLE `product` (
  `product_id` int(11) NOT NULL AUTO_INCREMENT COMMENT '产品id',
  `product_category_id` int(11) NOT NULL COMMENT '产品分类id',
  `product_name` varchar(255) NOT NULL COMMENT '产品名称',
  `product_price` int(11) NOT NULL COMMENT '产品价格',
  `product_logo` varchar(255) NOT NULL COMMENT '产品logo',
  `create_time` datetime NOT NULL COMMENT '创建时间',
  `update_time` datetime NOT NULL COMMENT '更新时间',
  `is_delete` int(11) NOT NULL COMMENT '产品是否删除 0 未删除 1 已删除',
  `product_desc` varchar(255) NOT NULL COMMENT '产品注意事项 用:隔开',
  `product_warn` varchar(255) NOT NULL COMMENT '产品警告 用:隔开',
  `product_stock` int(11) NOT NULL COMMENT '产品库存',
  `product_lock_stock` int(11) NOT NULL COMMENT '产品锁定库存',
  `product_method` int(11) NOT NULL COMMENT '发货方式 0 自动 1 手动',
  `status` int(11) NOT NULL COMMENT '产品是否下架 0 未下架 1 已下架',
  `type` int(1) NOT NULL DEFAULT '0' COMMENT '产品类型 0 有库存 1 有库存',
  `product_detail` longtext COMMENT '无库存产品的具体商品 无库存的商品不用进商品库',
  PRIMARY KEY (`product_id`) USING BTREE,
  KEY `category_id` (`product_category_id`) USING BTREE,
  CONSTRAINT `category_id` FOREIGN KEY (`product_category_id`) REFERENCES `product_category` (`product_category_id`)
) ENGINE=InnoDB AUTO_INCREMENT=37 DEFAULT CHARSET=utf8 ROW_FORMAT=DYNAMIC;
/*!40101 SET character_set_client = @saved_cs_client */;

--
-- Dumping data for table `product`
--

LOCK TABLES `product` WRITE;
/*!40000 ALTER TABLE `product` DISABLE KEYS */;
INSERT INTO `product` VALUES (11,33,'视频+聊天记录',20,'public/2023-12-27/8d0834182d954e2284bbf6d1cdeb7fad.png','2023-12-27 22:54:18','2024-02-20 21:17:10',0,'本产品为吃瓜黑料 请有需要的私信客服购买','本产品为吃瓜黑料 请有需要的私信客服购买',0,0,1,0,1,'无库存'),(12,28,'Telegram美国号',10,'public/2023-12-28/e290a36ae1b34bdb89b0fd4467f22593.png','2023-12-28 16:46:03','2024-01-01 08:51:12',0,'如果登录不上或者出问题 直接联系客服 具体登录会发到你邮箱:网站量少 可以私信客服订购批量','如果登录不上或者出问题 直接联系客服:网站量少 有需要可以私信客服批量订购',0,0,0,1,0,NULL),(13,35,'无限1',1,'public/2023-12-28/2207a6af03a04635be7578cadc8c6da4.png','2023-12-28 21:56:37','2023-12-28 21:56:48',0,'无限1无限1','无限1无限1',0,0,0,0,1,'无限1无限1无限1无限1无限1'),(14,35,'无限2',1,'public/2023-12-28/31b8a53a95e04c61bdcff24b43a1191e.png','2023-12-28 21:57:27','2023-12-29 18:03:34',0,'无限2无限2','无限2无限2',0,0,1,0,1,'无限2无限2无限2无限2无限24'),(15,29,'Twitter全新号',10,'public/2023-12-29/7f21e38cd29c49e98fb35b64ac8de429.png','2023-12-29 19:03:10','2024-02-21 14:36:35',0,'卡密格式:登录用户名---登录密码---辅助邮箱地址---邮箱密码','购买本商品 不用绑定手机号码 更加安全',2,0,0,0,0,NULL),(16,37,'300部短文爽剧合集',5,'public/2023-12-29/b98de68807e24b58b1d60fdb7f8370cc.png','2023-12-29 19:52:52','2023-12-29 19:55:15',0,'此产品为夸克网盘资源 购买后会发送链接 可以在线观看','此产品为夸克网盘资源 购买后会发送链接 可以在线观看',0,0,0,0,1,'夸克网盘分享了链接：https://pan.quark.cn/s/0bc3f70fc50f'),(17,37,'200部短文爽剧',4,'public/2023-12-29/51184ae92cea4750990187d7d215c46c.png','2023-12-29 20:00:21','2023-12-29 20:00:42',0,'此产品为夸克网盘资源 购买后会发送链接 可以在线观看','此产品为夸克网盘资源 购买后会发送链接 可以在线观看',0,0,0,0,1,'夸克网盘分享链接：https://pan.quark.cn/s/300824404e55'),(18,40,'Tiktok破解版',2,'public/2023-12-29/140346948fc64a8f88c1fefee8563012.jpg','2023-12-29 22:21:09','2023-12-29 22:21:46',0,'本产品为夸克网盘资源 下载你想要的版本安装即可','本产品为夸克网盘资源 下载你想要的版本安装即可',0,0,0,0,1,'夸克网盘分享链接: https://pan.quark.cn/s/dd2eceeac541'),(19,36,'超值双改号',120,'public/2023-12-29/f12f43e3919447ebae503691c9cb036a.png','2023-12-30 02:41:49','2023-12-31 01:38:52',0,'卡密格式: 账号----密码----邮箱密码','卡密格式: 账号----密码----邮箱密码',0,0,0,1,0,''),(20,41,'100G高速流量',20,'public/2023-12-29/f66bdbbc92394abfae6b66cdabe4b52a.jpeg','2023-12-30 03:19:42','2023-12-30 03:19:45',0,'20块钱100G高速流量 看什么都快 做什么都顺 不担心流量不够','此产品为手动发货 下单后 客服会将产品发到您填写的邮箱地址',0,0,1,0,1,NULL),(21,41,'188G高速流量',30,'public/2023-12-29/de6d321e7c054e53b1ef282b6498d6ba.jpeg','2023-12-30 03:21:25','2023-12-30 03:21:28',0,'30块钱188G高速流量 看什么都快 做什么都顺 不担心流量不够','此产品为手动发货 下单后 客服会将产品发到您填写的邮箱地址',0,0,1,0,1,NULL),(22,40,'Android翻墙软件',20,'public/2023-12-29/31b4529c1f1a48cc84e93b6f5d6831de.jpeg','2023-12-30 03:32:01','2023-12-30 03:33:02',0,'此产品为安卓翻墙工具 购买产品后会发送下载链接到您邮箱 您只需要下载安装即可:软件使用教程在 梯子-科学上网-翻墙 分类下','此产品切勿传播',0,0,0,0,1,'下载地址: https://pub-pce.oss-cn-chengdu.aliyuncs.com/public/tools/ClashForAndroid.apk'),(23,40,'Windows电脑翻墙软件',10,'public/2023-12-29/0f0b2d280a044f38b953d2edf710db53.jpeg','2023-12-30 03:35:52','2023-12-30 03:35:55',0,'此产品为windows电脑翻墙工具 购买产品后会发送下载链接到您邮箱 您只需要下载解压即可:软件使用教程在 梯子-科学上网-翻墙 分类下','此产品切勿传播',0,0,0,0,1,'下载链接: https://pub-pce.oss-cn-chengdu.aliyuncs.com/public/tools/ClashForWindows.7z'),(24,42,'全新谷歌邮箱',5,'public/2023-12-29/8a45cf4a078446d683fa71d4be21ecd7.png','2023-12-30 04:31:02','2024-02-16 15:02:19',0,'卡密格式: 谷歌邮箱---邮箱密码','自己使用 不要交给别人',1,0,0,0,0,NULL),(25,40,'Android免费VPN',10,'public/2023-12-30/b60460f148fa41fca320717d049b09cc.png','2023-12-30 18:02:28','2024-01-08 20:30:46',0,'此商品为永久免费vpn软件 购买后会邮件给你下载地址','此商品为永久免费vpn软件 购买后会邮件给你下载地址',0,0,0,0,1,'免费VPN软件下载链接: \nhttps://pub-pce.oss-cn-chengdu.aliyuncs.com/public/application/V2VPN%20-%20A%20Fast%20VPN%20Proxy_5.4.17_Apkpure.apk'),(26,28,'美国号',5,'public/2023-12-31/b9b88a23456b46cab4453daf81f14cba.jpg','2023-12-31 22:23:46','2024-02-07 17:40:38',0,'卡密格式:手机号Ｉ验证码链接','30天可接码',0,0,0,0,0,NULL),(27,38,'ins全新号',10,'public/2024-01-03/41b4f62f27f34450bf2874c4e791c51f.jpg','2024-01-03 23:39:15','2024-02-03 15:43:30',0,'卡密格式:账号----密码----邮箱地址','请务必记住邮箱地址 出问题可找客服',1,0,0,0,0,NULL),(28,43,'长期高速代理',10,'public/2024-01-08/eced5f9e43d646f8bf3dfbeb1aa21638.jpg','2024-01-08 17:49:26','2024-01-28 21:26:57',0,'使用方法:方法一.将代理链接的何处输入到相应位置:方法二.复制代理链接发送给任意好友点击链接可一键连接','每日都会更新 旧的不能用了可以再来买 价格美丽',0,0,0,0,1,'https://t.me/proxy?server=8.217.79.151&port=443&secret=eed9ced02563edd8ac0608e8650fb00afe617a7572652e6d6963726f736f66742e636f6d'),(29,40,'Twitter',1,'public/2024-01-08/212d48d3df3349a8833877b5870b9ac2.png','2024-01-08 19:51:03','2024-01-08 19:51:58',0,'购买后直接给你下载链接 通过邮件发送给你','切勿传播',0,0,0,0,1,'https://pub-pce.oss-cn-chengdu.aliyuncs.com/public/application/Telegram.apk'),(30,40,'Telegram',1,'public/2024-01-08/e6b41a20564140d294c3f407be2b1fa7.jpg','2024-01-08 19:51:54','2024-01-08 19:51:58',0,'购买后直接给你下载链接 通过邮件发送给你','切勿传播',0,0,0,0,1,'https://pub-pce.oss-cn-chengdu.aliyuncs.com/public/application/Twitter.apk'),(31,44,'高质量网站–需翻墙',5,'public/2024-01-12/3f767d5fd60f4eca935a9b1f81e25b30.png','2024-01-12 18:07:04','2024-01-12 18:13:58',0,'购买后通过您填写的邮箱地址发送邮件给您:此产品受限于网络需要购买软件中的翻墙软件才能用:此产品无广告','本产品请18岁以下自觉:购买后请勿传播:严格遵守法律',0,0,0,0,1,'https://missav.com/dm17/cn/madou'),(32,45,'成人网站–无需翻墙',-1,'public/2024-01-12/b6dc53c16fed40d892e5b1f7346c0023.png','2024-01-12 18:16:43','2024-01-21 17:03:34',0,'购买后会发送到您填写的邮箱中:此产品有广告但无需翻墙软件','此产品18岁以下请自觉:请合法使用切勿传播',0,0,0,0,1,'https://zh.video01.ink 请下载好chrome浏览器然后复制此链接到浏览器就可以嘿嘿嘿了'),(33,45,'短文爽剧合集71部',-1,'public/2024-01-21/04db46adcb9c48ae912d80940992894c.png','2024-01-21 17:48:35','2024-01-21 17:48:40',0,'此资源免费赠送 切勿传播:夸克网盘资源','此资源免费赠送 切勿传播:夸克网盘资源',0,0,0,0,1,'夸克网盘分享链接：https://pan.quark.cn/s/0db0a486049f#/list/share'),(34,45,'便宜机场推荐',-1,'public/2024-01-21/2e229f3146b44002a69a756205d7d5af.png','2024-01-21 20:33:27','2024-01-21 20:34:35',0,'请勿传播','请勿传播',0,0,0,1,1,'机场地址:https://dhh.gay/#/register?code=882UHTX3'),(35,45,'破解游戏合集',-1,'public/2024-01-22/a894058082f748f0868f89d1c85ecf77.webp','2024-01-22 22:43:32','2024-01-22 22:43:41',0,'切勿传播','切勿传播',0,0,0,0,1,'夸克网盘分享地址:https://pan.quark.cn/s/b0fa3220dcc1'),(36,43,'频道互推清除器',25,'public/2024-01-25/3f531655ab364f5687e30a0910baf6b0.jpeg','2024-01-25 22:40:08','2024-01-25 22:44:16',0,'购买后客服会通过邮箱发给你:客服电报@shnajkzl:此产品用用telegram频道互推消息自动删除','不要传播',0,0,1,0,1,NULL);
/*!40000 ALTER TABLE `product` ENABLE KEYS */;
UNLOCK TABLES;

--
-- Table structure for table `product_category`
--

DROP TABLE IF EXISTS `product_category`;
/*!40101 SET @saved_cs_client     = @@character_set_client */;
/*!40101 SET character_set_client = utf8 */;
CREATE TABLE `product_category` (
  `product_category_id` int(11) NOT NULL AUTO_INCREMENT COMMENT '产品分类id',
  `product_category_name` varchar(255) NOT NULL COMMENT '产品分类名称',
  `product_category_logo` varchar(255) NOT NULL COMMENT '产品分类logo',
  `create_time` datetime NOT NULL COMMENT '创建时间',
  `update_time` datetime NOT NULL COMMENT '更新时间',
  `is_delete` int(11) NOT NULL COMMENT '产品分类是否删除 0 未删除 1 已删除',
  `status` int(11) NOT NULL COMMENT '上架状态 0 上架 1 下架',
  PRIMARY KEY (`product_category_id`) USING BTREE
) ENGINE=InnoDB AUTO_INCREMENT=47 DEFAULT CHARSET=utf8 ROW_FORMAT=DYNAMIC;
/*!40101 SET character_set_client = @saved_cs_client */;

--
-- Dumping data for table `product_category`
--

LOCK TABLES `product_category` WRITE;
/*!40000 ALTER TABLE `product_category` DISABLE KEYS */;
INSERT INTO `product_category` VALUES (28,'Telegram账号','public/2024-02-21/fb52ced99c8b431e82821d5a85d60aca.png','2023-12-26 14:40:31','2024-02-21 14:26:13',0,0),(29,'Twitter账号','public/2024-02-21/bb57bed171be4d67b1005e3d1f0a66b6.png','2023-12-26 14:40:56','2024-02-21 14:17:44',0,0),(30,'AppleId','public/2023-12-26/a58d2ef193bd4cd3ac9662979ce7868a.png','2023-12-26 14:41:08','2024-02-20 21:11:07',0,1),(31,'TIktok账号','public/2023-12-29/6281b809e78142e5a574caac34ab84e3.jpg','2023-12-26 14:41:23','2023-12-30 04:42:22',0,1),(33,'上海女老师出轨16岁学生','public/2024-02-21/d078ce11692348c39297e41849ab9802.jpg','2023-12-27 22:52:54','2024-02-21 14:16:54',0,0),(35,'无限库存商品测试分类','public/2023-12-28/08f51d8b30414b918db60e67c94551e6.png','2023-12-28 21:55:44','2023-12-29 21:19:25',0,1),(36,'原神','public/2024-03-05/62733ea9f8a94526b003257dfc916f5b.jpg','2023-12-29 01:44:25','2024-03-05 15:56:27',0,1),(37,'抖音短文爽剧','public/2024-02-21/5160ae6cd9ad48ed9d3b9dff0c697427.png','2023-12-29 19:50:22','2024-02-21 14:16:14',0,0),(38,'Instagram账号','public/2024-02-21/338cd14cc86947809e80438f10e41479.png','2023-12-29 20:13:46','2024-02-21 14:16:02',0,0),(39,'梯子-科学上网-翻墙','public/2024-03-05/d70f7683009c4705bba5b0ac0f54bfc7.jpg','2023-12-29 20:22:53','2024-03-05 15:55:56',0,1),(40,'软件类','public/2024-02-21/9ad2a294b8f7478d8a4bfca2c99bb093.png','2023-12-29 20:34:49','2024-02-21 14:25:41',0,0),(41,'流量套餐','public/2024-02-21/4233eb21052c4af7890218ffb24f0444.jpeg','2023-12-30 03:15:49','2024-02-21 14:25:29',0,0),(42,'谷歌邮箱账号','public/2024-02-21/57a69568a9134baaa72138d657d95d7b.png','2023-12-30 04:26:44','2024-02-21 14:15:39',0,0),(43,'Telegram辅助','public/2024-02-21/32f158510b024dc0b05910ab13b938d5.png','2024-01-08 17:45:35','2024-02-21 14:15:27',0,0),(44,'成人系列','public/2024-02-21/1bfa1543ba37462587dd1bb9832be104.png','2024-01-12 18:03:37','2024-02-21 14:25:12',0,0),(45,'免费送','public/2024-02-21/16eadd0cd30f449fb86f37b434e19465.png','2024-01-21 17:01:45','2024-02-21 14:01:37',0,0),(46,'图片','public/2024-03-06/1c13817973d64947a06fec30cae5b76b.jpg','2024-03-06 19:18:20','2024-03-06 19:18:20',0,1);
/*!40000 ALTER TABLE `product_category` ENABLE KEYS */;
UNLOCK TABLES;

--
-- Table structure for table `sys_dict`
--

DROP TABLE IF EXISTS `sys_dict`;
/*!40101 SET @saved_cs_client     = @@character_set_client */;
/*!40101 SET character_set_client = utf8 */;
CREATE TABLE `sys_dict` (
  `id` int(11) NOT NULL AUTO_INCREMENT COMMENT '字典id',
  `dict_code` varchar(255) NOT NULL COMMENT '字典编码',
  `parent_id` int(11) DEFAULT NULL COMMENT '父字典id',
  `dict_desc` varchar(255) NOT NULL COMMENT '字典描述',
  `dict_value` varchar(255) DEFAULT NULL COMMENT '字典值',
  PRIMARY KEY (`id`) USING BTREE
) ENGINE=InnoDB AUTO_INCREMENT=128 DEFAULT CHARSET=utf8 ROW_FORMAT=DYNAMIC;
/*!40101 SET character_set_client = @saved_cs_client */;

--
-- Dumping data for table `sys_dict`
--

LOCK TABLES `sys_dict` WRITE;
/*!40000 ALTER TABLE `sys_dict` DISABLE KEYS */;
INSERT INTO `sys_dict` VALUES (97,'account_shop_dict',NULL,'账号商城字典',NULL),(98,'huaxianren_telegram',97,'客服tg','https://t.me/shnajkzll'),(99,'huaxianren_email',97,'客服邮箱','liqisong2002@gmail.com'),(100,'huaxianren_recommend_channel_url',97,'推荐频道链接','https://t.me/huaxianrenshare'),(101,'huaxianren_recommend_channel_name',97,'推荐频道名字','闲人小店通知频道'),(102,'telegram_copy_dict',NULL,'telegram群消息复制字典',NULL),(103,'order_ids',102,'可听命的账号id : 隔开','5060527090:6349971145'),(104,'resource_account',102,'被复制的群或者频道','shuiguopai'),(106,'redis_index_key_word',102,'redis中存放的消息起始id的key名字','min_id'),(107,'contact',102,'客服账号','https://t.me/shnajkzll'),(108,'account_shop_url',102,'商店地址','https://shop.somg.xyz'),(109,'other_channel',102,'其他频道展示消息名字_链接逗号分隔','福利导航_https://t.me/huaxianrendaohang,反差/母狗/内射_https://t.me/huaxianrenmeitu,成都约炮_https://t.me/huaxianrenhecha'),(110,'main_channel',102,'主频道人数最多的名字:链接','撸管圣地:huaxianrenlgsd'),(111,'resource_account_news',102,'新闻更新源群组或者频道-过时不用','xhqcankao'),(112,'target_account_news',102,'新闻更新目标群组或者频道-过时不用','huaxianrennews'),(113,'alipay_enable',97,'支付宝支付是否可用 1 为不可用 0为可用','1'),(114,'usdt_enable',97,'usdt支付是否可用 1 不可用 0 可用','0'),(115,'bot_member_count_send_ids',102,'频道人数统计发送给指定用户 : 隔开','5060527090:6778919923'),(116,'bot_member_count_channel_names',102,'机器人统计频道人数的频道名 : 隔开','@qiufengjieshuo:@rxrzl:@syxnfw:@zytzd:@xrxhe:@ylsszlx:@nzluzw:@huaxianrenlgsd:@huaxianrenmeitu:@huaxianrenshare:@haoyangmaosjjl:@wwpojierj:@huaxianrendaohang:@huaxianren2cy:@ebookse687:@huaxianrenhecha:@huaxianrenlee7s:@huaxianrenlifan'),(117,'auto_update_chat',102,'自动更新的群或频道 resource:target,...','moeisland:huaxianren2cy,JGBOOK:ebookse687,yangwangpindao:haoyangmaosjjl,pj_cn:wwpojierj'),(119,'target_account',102,'复制到目标','huaxianrenlgsd'),(120,'ignore_delete_bot_name',102,'不删除的互推消息 用:分割','fulizhong_bot:hutui01bot:hutui1bot'),(121,'daohang_channel',102,'导航频道','https://t.me/huaxianrendaohang'),(123,'update_channels_all_name',102,'统一更新的频道名字 @频道名 用:分割','@syxnfw:@rxrzl:@zytzd:@xrxhe:@huaxianrenlgsd:@huaxianrenlee7s:@huaxianrenmeitu:@huaxianrenlifan:@ylsszlx'),(124,'ad_channel_link',102,'广告的全链接','https://t.me/huaxianrenshare/240'),(125,'need_ad_channel_accounts',102,'所有需要广告的频道 @频道名:分割','@syxnfw:@rxrzl:@zytzd:@xrxhe:@huaxianrenlgsd:@huaxianrenlee7s:@huaxianrenmeitu:@huaxianrenlifan:@ylsszlx'),(126,'use_delete_bot_ads_pic_url',102,'使用删除互推机器人的广告图片地址','https://pub-pces.oss-cn-chengdu.aliyuncs.com/public/2024-03-06/1c13817973d64947a06fec30cae5b76b.jpg'),(127,'use_delete_bot_ads_channel',102,'使用删除互推机器人的广告频道 名字:频道名 用 ，分割','秋风AV解说:qiufengjieshuo,中文搜片:znrzwssql');
/*!40000 ALTER TABLE `sys_dict` ENABLE KEYS */;
UNLOCK TABLES;

--
-- Dumping events for database 'account_shop'
--

--
-- Dumping routines for database 'account_shop'
--
/*!40103 SET TIME_ZONE=@OLD_TIME_ZONE */;

/*!40101 SET SQL_MODE=@OLD_SQL_MODE */;
/*!40014 SET FOREIGN_KEY_CHECKS=@OLD_FOREIGN_KEY_CHECKS */;
/*!40014 SET UNIQUE_CHECKS=@OLD_UNIQUE_CHECKS */;
/*!40101 SET CHARACTER_SET_CLIENT=@OLD_CHARACTER_SET_CLIENT */;
/*!40101 SET CHARACTER_SET_RESULTS=@OLD_CHARACTER_SET_RESULTS */;
/*!40101 SET COLLATION_CONNECTION=@OLD_COLLATION_CONNECTION */;
/*!40111 SET SQL_NOTES=@OLD_SQL_NOTES */;

-- Dump completed on 2024-03-06 11:56:57
